SpliceID	geneSymbol	dPSI	Preference_psi	Preference_de	z	sample_id
ACHE:100892333-100892554	ACHE	0.118	Inclusion	NA	NA	NA
ACHE:100892333-100892643	ACHE	0.118	Inclusion	NA	NA	NA
ACHE:100892333-100892818	ACHE	0.115	Inclusion	NA	NA	NA
ADGRE5:14397076-14397223	ADGRE5	0.163	Inclusion	NA	NA	NA
ARID5B:62057116-62057318	ARID5B	0.21	Inclusion	NA	NA	NA
BABAM1:17268755-17269091	BABAM1	0.217	Inclusion	NA	NA	NA
BCAS3:61368326-61368494	BCAS3	0.128	Inclusion	NA	NA	NA
CAMK2G:73828088-73828121	CAMK2G	0.189	Inclusion	NA	NA	NA
CD44:35201667-35201787	CD44	0.205	Inclusion	NA	NA	NA
CD44:35201670-35201787	CD44	0.236	Inclusion	NA	NA	NA
CD74:150403120-150403312	CD74	0.153	Inclusion	NA	NA	NA
CD74:150403120-150403312	CD74	0.763	Inclusion	NA	NA	NA
CD74:150403120-150404767	CD74	0.156	Inclusion	NA	NA	NA
CD74:150403120-150404767	CD74	0.593	Inclusion	NA	NA	NA
CD74:150404679-150404767	CD74	0.277	Inclusion	NA	NA	NA
CDC25A:48180720-48180840	CDC25A	0.174	Inclusion	NA	NA	NA
CDK4:57750922-57751090	CDK4	0.323	Inclusion	NA	-3.63544	pHGG
CDK5:151055531-151055606	CDK5	0.27	Inclusion	NA	NA	NA
CHL1:390700-390816	CHL1	0.835	Inclusion	NA	NA	NA
CLK1:200860124-200860215	CLK1	0.525	Inclusion	NA	NA	NA
CLK4:178617343-178617434	CLK4	0.374	Inclusion	NA	NA	NA
CLTCL1:19208153-19208311	CLTCL1	0.526	Inclusion	NA	NA	NA
CREB5:28507615-28507737	CREB5	0.103	Inclusion	NA	NA	NA
CRTC2:153951259-153951666	CRTC2	0.305	Inclusion	NA	NA	NA
DNAJC11:6652828-6652951	DNAJC11	0.121	Inclusion	NA	NA	NA
DNAJC11:6652828-6653387	DNAJC11	0.157	Inclusion	NA	NA	NA
DNMT1:10180777-10180885	DNMT1	0.207	Inclusion	NA	-2.9949785714285713	pHGG
ELP3:28113018-28113173	ELP3	0.314	Inclusion	NA	NA	NA
EWSR1:29288605-29288755	EWSR1	0.12	Inclusion	NA	-2.9172291666666665	pHGG
FGFR3:1803691-1803836	FGFR3	0.173	Inclusion	NA	NA	NA
FGFR4:177090389-177090653	FGFR4	0.144	Inclusion	NA	2.5452	pHGG
GATAD2A:19492580-19492712	GATAD2A	0.177	Inclusion	NA	NA	NA
GGA1:37625796-37625949	GGA1	0.133	Inclusion	NA	NA	NA
GGA1:37625796-37625949	GGA1	0.284	Inclusion	NA	NA	NA
HCFC1:153958568-153958766	HCFC1	0.115	Inclusion	NA	NA	NA
HDAC9:18585280-18585522	HDAC9	0.142	Inclusion	NA	2.6137	pHGG
HDAC9:18585280-18585522	HDAC9	0.405	Inclusion	NA	2.6137	pHGG
HDAC9:18648465-18648683	HDAC9	0.185	Inclusion	NA	2.6137	pHGG
HJURP:233847396-233847461	HJURP	0.19	Inclusion	NA	NA	NA
HNRNPA2B1:26193598-26193694	HNRNPA2B1	0.528	Inclusion	NA	NA	NA
HNRNPAB:178209329-178209432	HNRNPAB	0.138	Inclusion	NA	NA	NA
IKBKE:206493265-206493378	IKBKE	0.161	Inclusion	Up	2.9139	pHGG
ITGB4:75755700-75755850	ITGB4	0.148	Inclusion	NA	NA	NA
KAT7:49796749-49796926	KAT7	0.102	Inclusion	NA	NA	NA
LOXL3:74536708-74536928	LOXL3	0.182	Inclusion	NA	NA	NA
MAP2:209692624-209696350	MAP2	0.276	Inclusion	NA	2.54	pHGG
MAP2:209692636-209696350	MAP2	0.382	Inclusion	NA	2.54	pHGG
MGA:41762128-41762362	MGA	0.105	Inclusion	NA	NA	NA
MNAT1:60796216-60796369	MNAT1	0.212	Inclusion	NA	NA	NA
MNAT1:60968228-60968397	MNAT1	0.119	Inclusion	NA	NA	NA
MRE11:94492781-94492897	MRE11	0.371	Inclusion	NA	NA	NA
MRE11:94492781-94492906	MRE11	0.354	Inclusion	NA	NA	NA
MTA3:42707910-42708054	MTA3	0.613	Inclusion	NA	NA	NA
NAB2:57093406-57093598	NAB2	0.172	Inclusion	NA	NA	NA
NAP1L1:76059776-76059878	NAP1L1	0.135	Inclusion	NA	NA	NA
NCOA2:70144641-70144848	NCOA2	0.243	Inclusion	NA	NA	NA
NCOR2:124354477-124354582	NCOR2	0.13	Inclusion	NA	NA	NA
NCOR2:124354477-124354582	NCOR2	0.248	Inclusion	NA	NA	NA
NFATC2:51523080-51523596	NFATC2	0.189	Inclusion	NA	NA	NA
NFATC2:51523080-51524110	NFATC2	0.382	Inclusion	NA	NA	NA
NUP214:131189052-131189131	NUP214	0.308	Inclusion	NA	NA	NA
OXSR1:38236838-38236961	OXSR1	0.114	Inclusion	NA	NA	NA
PAK1:77379893-77379994	PAK1	0.128	Inclusion	NA	NA	NA
PARP2:20344931-20345126	PARP2	0.104	Inclusion	NA	NA	NA
PBRM1:52615350-52615456	PBRM1	0.203	Inclusion	NA	-2.482	pHGG
PHACTR4:28465684-28465849	PHACTR4	0.153	Inclusion	NA	NA	NA
PLD1:171687370-171687584	PLD1	0.467	Inclusion	Up	NA	NA
PLD1:171687370-171687584	PLD1	0.853	Inclusion	Up	NA	NA
PML:74033155-74033422	PML	0.164	Inclusion	NA	NA	NA
PRKAB2:147166845-147166939	PRKAB2	0.19	Inclusion	NA	NA	NA
PRKAB2:147167766-147167933	PRKAB2	0.343	Inclusion	NA	NA	NA
PRMT7:68321425-68321462	PRMT7	0.179	Inclusion	NA	NA	NA
PTPN13:86758259-86758349	PTPN13	0.106	Inclusion	NA	NA	NA
PUF60:143820665-143820716	PUF60	0.2	Inclusion	NA	NA	NA
QKI:163563419-163563719	QKI	0.279	Inclusion	NA	NA	NA
RAF1:12586274-12587637	RAF1	0.157	Inclusion	NA	-2.4259	pHGG
RAF1:12587590-12587637	RAF1	0.127	Inclusion	NA	-2.4259	pHGG
RARG:53227361-53227687	RARG	0.124	Inclusion	NA	NA	NA
RASA1:87374162-87374320	RASA1	0.129	Inclusion	NA	NA	NA
RBM41:107088435-107088839	RBM41	0.13	Inclusion	NA	NA	NA
SCYL2:100337386-100337506	SCYL2	0.154	Inclusion	NA	NA	NA
SNX5:17968374-17968457	SNX5	0.142	Inclusion	NA	NA	NA
SP100:230462434-230462518	SP100	0.292	Inclusion	NA	NA	NA
SPECC1:20096630-20096798	SPECC1	0.113	Inclusion	NA	NA	NA
SPEG:219444652-219444742	SPEG	0.413	Inclusion	NA	NA	NA
SPEN:15872815-15873136	SPEN	0.111	Inclusion	NA	NA	NA
TCF12:57063749-57063823	TCF12	0.205	Inclusion	NA	NA	NA
TCF4:55461018-55461115	TCF4	0.115	Inclusion	NA	NA	NA
TCF4:55461018-55461115	TCF4	0.253	Inclusion	NA	NA	NA
TECTA:121166577-121166780	TECTA	0.162	Inclusion	NA	NA	NA
TET2:105233896-105237351	TET2	0.117	Inclusion	NA	NA	NA
TLE4:79705888-79705942	TLE4	0.231	Inclusion	NA	NA	NA
TLE4:79705888-79705942	TLE4	0.646	Inclusion	NA	NA	NA
TLE4:79706746-79706899	TLE4	0.206	Inclusion	NA	NA	NA
TP53BP1:43421024-43421174	TP53BP1	0.258	Inclusion	NA	NA	NA
TRRAP:98957980-98958091	TRRAP	0.134	Inclusion	NA	NA	NA
WNK3:54309094-54309315	WNK3	0.386	Inclusion	NA	NA	NA
YWHAZ:100924134-100924322	YWHAZ	0.602	Inclusion	NA	NA	NA
ZBTB21:41992492-41994108	ZBTB21	0.246	Inclusion	NA	NA	NA
ZKSCAN8:28148315-28148824	ZKSCAN8	0.128	Inclusion	NA	NA	NA
ZKSCAN8:28148315-28148824	ZKSCAN8	0.235	Inclusion	NA	NA	NA
ZKSCAN8:28148315-28148838	ZKSCAN8	0.257	Inclusion	NA	NA	NA
ZKSCAN8:28148315-28148838	ZKSCAN8	0.338	Inclusion	NA	NA	NA
ZNF638:71428546-71428651	ZNF638	0.449	Inclusion	NA	NA	NA
ZNF692:248856513-248856562	ZNF692	0.173	Inclusion	NA	NA	NA
ABCC1:16076325-16076401	ABCC1	0.301	Inclusion	NA	NA	NA
ABI1:26755654-26755741	ABI1	0.199	Inclusion	NA	NA	NA
ABI1:26763879-26763960	ABI1	0.321	Inclusion	NA	NA	NA
ACCS:44073343-44073517	ACCS	0.248	Inclusion	NA	NA	NA
ACCS:44073446-44073517	ACCS	0.258	Inclusion	NA	NA	NA
AHCTF1:246890955-246891060	AHCTF1	0.11	Inclusion	NA	NA	NA
AHCYL1:110020730-110020851	AHCYL1	0.219	Inclusion	NA	NA	NA
AHRR:422728-422858	AHRR	0.115	Inclusion	NA	NA	NA
AHRR:422728-422858	AHRR	0.138	Inclusion	NA	NA	NA
ALDH18A1:95637286-95637436	ALDH18A1	0.288	Inclusion	NA	NA	NA
APTX:32988091-32988124	APTX	0.152	Inclusion	NA	NA	NA
AXIN1:291189-291297	AXIN1	0.116	Inclusion	NA	NA	NA
BCAS3:61354361-61354502	BCAS3	0.546	Inclusion	NA	NA	NA
BCL2L1:31666990-31667147	BCL2L1	0.424	Inclusion	NA	-3.601663333333333	pHGG
BECN1:42820773-42820841	BECN1	0.178	Inclusion	NA	NA	NA
BECN1:42820773-42820841	BECN1	0.451	Inclusion	NA	NA	NA
BRF1:105252506-105252579	BRF1	0.453	Inclusion	NA	NA	NA
BRMS1:66338242-66338282	BRMS1	0.164	Inclusion	NA	NA	NA
BTRC:101550698-101550891	BTRC	0.108	Inclusion	NA	NA	NA
CAMTA2:4982088-4982175	CAMTA2	0.285	Inclusion	NA	NA	NA
CAMTA2:4982088-4982227	CAMTA2	0.33	Inclusion	NA	NA	NA
CBFB:67066681-67066798	CBFB	0.133	Inclusion	NA	NA	NA
CBX7:39134400-39134752	CBX7	0.177	Inclusion	Up	NA	NA
CD44:35196745-35196874	CD44	0.113	Inclusion	NA	NA	NA
CD44:35198147-35198246	CD44	0.322	Inclusion	NA	NA	NA
CD44:35204511-35204640	CD44	0.182	Inclusion	NA	NA	NA
CD44:35204511-35204640	CD44	0.214	Inclusion	NA	NA	NA
CDC42BPA:227254063-227254155	CDC42BPA	0.121	Inclusion	NA	NA	NA
COL11A1:103025799-103025952	COL11A1	0.114	Inclusion	NA	NA	NA
COL11A1:103026215-103026332	COL11A1	0.462	Inclusion	NA	NA	NA
COL11A1:103026215-103026332	COL11A1	0.484	Inclusion	NA	NA	NA
CREM:35188199-35188388	CREM	0.148	Inclusion	NA	NA	NA
CUL5:108104189-108104902	CUL5	0.188	Inclusion	NA	NA	NA
CYP2D6:42129032-42129185	CYP2D6	0.354	Inclusion	NA	NA	NA
DAZAP1:1429966-1429996	DAZAP1	0.203	Inclusion	NA	NA	NA
DDX58:32492390-32492538	DDX58	0.167	Inclusion	NA	NA	NA
DIABLO:122224644-122224748	DIABLO	0.135	Inclusion	NA	NA	NA
DMTF1:87188038-87188301	DMTF1	0.235	Inclusion	NA	NA	NA
EEA1:92812979-92813093	EEA1	0.105	Inclusion	NA	NA	NA
EED:86264171-86264263	EED	0.336	Inclusion	NA	-3.13992	pHGG
ELF4:130081255-130081312	ELF4	0.201	Inclusion	NA	NA	NA
ELF4:130081255-130081539	ELF4	0.107	Inclusion	NA	NA	NA
ELN:74065943-74065997	ELN	0.184	Inclusion	NA	NA	NA
ELP2:36159734-36159830	ELP2	0.241	Inclusion	NA	NA	NA
ELP3:28107912-28107976	ELP3	0.172	Inclusion	NA	NA	NA
EOMES:27719359-27719481	EOMES	0.189	Inclusion	NA	NA	NA
EOMES:27720170-27720325	EOMES	0.161	Inclusion	NA	NA	NA
EOMES:27720170-27720325	EOMES	0.326	Inclusion	NA	NA	NA
ETV6:11825643-11825713	ETV6	0.171	Inclusion	NA	NA	NA
EWSR1:29272215-29272252	EWSR1	0.399	Inclusion	NA	-2.9172291666666665	pHGG
EWSR1:29291561-29291599	EWSR1	0.125	Inclusion	NA	-2.9172291666666665	pHGG
EWSR1:29291564-29291599	EWSR1	0.102	Inclusion	NA	-2.9172291666666665	pHGG
FAT1:186590367-186590403	FAT1	0.486	Inclusion	NA	NA	NA
FBXL19:30928466-30928630	FBXL19	0.153	Inclusion	NA	NA	NA
FBXO31:87343597-87343765	FBXO31	0.649	Inclusion	NA	NA	NA
FGF11:7442593-7442792	FGF11	0.309	Inclusion	Up	NA	NA
FIP1L1:53379072-53379117	FIP1L1	0.288	Inclusion	NA	NA	NA
FUT8:65721774-65722021	FUT8	0.108	Inclusion	NA	NA	NA
GPNMB:23253306-23253459	GPNMB	0.153	Inclusion	Down	NA	NA
GPX3:151025339-151025493	GPX3	0.108	Inclusion	NA	NA	NA
HDAC10:50248661-50248751	HDAC10	0.258	Inclusion	NA	NA	NA
HDAC11:13483463-13483564	HDAC11	0.205	Inclusion	NA	NA	NA
HDAC11:13483463-13483564	HDAC11	0.23	Inclusion	NA	NA	NA
HDAC11:13502883-13502980	HDAC11	0.166	Inclusion	NA	NA	NA
HDAC2:113962366-113962394	HDAC2	0.158	Inclusion	NA	-2.262094444444444	pHGG
HDAC6:48817359-48817459	HDAC6	0.139	Inclusion	NA	2.5097	pHGG
HDAC8:72568753-72568884	HDAC8	0.252	Inclusion	NA	NA	NA
HIRA:19351357-19351446	HIRA	0.149	Inclusion	NA	NA	NA
HNRNPA1:54283078-54283234	HNRNPA1	0.213	Inclusion	NA	NA	NA
HNRNPA2B1:26193574-26193598	HNRNPA2B1	0.161	Inclusion	NA	NA	NA
HNRNPH1:179619268-179619360	HNRNPH1	0.161	Inclusion	NA	NA	NA
HNRNPH3:68337857-68337996	HNRNPH3	0.268	Inclusion	NA	NA	NA
IKBKB:42288633-42288728	IKBKB	0.229	Inclusion	NA	NA	NA
IKBKE:206493022-206493119	IKBKE	0.25	Inclusion	Up	2.9139	pHGG
IKBKE:206493022-206493119	IKBKE	0.412	Inclusion	Up	2.9139	pHGG
ING4:6656726-6656798	ING4	0.414	Inclusion	NA	NA	NA
IRAK4:43771219-43771365	IRAK4	0.153	Inclusion	NA	NA	NA
IRF1:132484361-132484497	IRF1	0.178	Inclusion	Down	NA	NA
IRF3:49664442-49664673	IRF3	0.137	Inclusion	NA	NA	NA
JAK2:5050685-5050831	JAK2	0.563	Inclusion	NA	2.63115	pHGG
KMT2D:49024577-49024737	KMT2D	0.149	Inclusion	NA	-3.46914	pHGG
L3MBTL2:41229539-41229656	L3MBTL2	0.319	Inclusion	NA	NA	NA
LARP1B:128091000-128091144	LARP1B	0.368	Inclusion	NA	NA	NA
LARP1B:128091000-128091144	LARP1B	0.441	Inclusion	NA	NA	NA
LARP1B:128091000-128091144	LARP1B	0.567	Inclusion	NA	NA	NA
LCORL:17886067-17886161	LCORL	0.161	Inclusion	NA	NA	NA
LMO3:16600600-16600868	LMO3	0.127	Inclusion	NA	NA	NA
MAP2:209696916-209697051	MAP2	0.103	Inclusion	NA	2.54	pHGG
MAP4K3:39336919-39336967	MAP4K3	0.107	Inclusion	NA	NA	NA
MAPK12:50248661-50248751	MAPK12	0.238	Inclusion	NA	NA	NA
MBD1:50272823-50272955	MBD1	0.191	Inclusion	NA	NA	NA
MIA2:39293999-39294071	MIA2	0.107	Inclusion	NA	NA	NA
MIA2:39320927-39321056	MIA2	0.257	Inclusion	NA	NA	NA
MLH1:37020309-37020463	MLH1	0.16	Inclusion	NA	NA	NA
MLLT10:21682224-21682257	MLLT10	0.199	Inclusion	NA	NA	NA
MTERF4:241089979-241090044	MTERF4	0.11	Inclusion	NA	NA	NA
MVK:109581394-109581550	MVK	0.301	Inclusion	NA	NA	NA
MYD88:38139863-38139998	MYD88	0.108	Inclusion	NA	NA	NA
NAT10:34139190-34139287	NAT10	0.102	Inclusion	NA	NA	NA
NEDD4:55846968-55847034	NEDD4	0.144	Inclusion	NA	NA	NA
NEK8:28735239-28735371	NEK8	0.391	Inclusion	NA	NA	NA
NFE2L1:48054929-48055150	NFE2L1	0.119	Inclusion	NA	NA	NA
NFIB:14155824-14155893	NFIB	0.228	Inclusion	NA	NA	NA
NFIB:14155824-14155893	NFIB	0.264	Inclusion	NA	NA	NA
NFIB:14179726-14179780	NFIB	0.11	Inclusion	NA	NA	NA
NPM2:22025646-22025772	NPM2	0.171	Inclusion	NA	NA	NA
NPRL2:50349385-50349490	NPRL2	0.307	Inclusion	NA	NA	NA
NPRL2:50349385-50349494	NPRL2	0.13	Inclusion	NA	NA	NA
NR1H3:47259790-47259979	NR1H3	0.199	Inclusion	NA	NA	NA
NR1H3:47261546-47261726	NR1H3	0.355	Inclusion	NA	NA	NA
NR4A2:156326311-156326328	NR4A2	0.344	Inclusion	NA	NA	NA
PABPC1L:44933056-44933185	PABPC1L	0.249	Inclusion	NA	NA	NA
PABPC1L:44933071-44933185	PABPC1L	0.271	Inclusion	NA	NA	NA
PCBP2:53455884-53456001	PCBP2	0.126	Inclusion	NA	NA	NA
PCGF1:74505951-74506057	PCGF1	0.446	Inclusion	NA	NA	NA
PDSS2:107212108-107212282	PDSS2	0.207	Inclusion	NA	NA	NA
PER2:238260827-238260953	PER2	0.106	Inclusion	NA	NA	NA
PER2:238275742-238275897	PER2	0.122	Inclusion	NA	NA	NA
PER2:238275742-238275897	PER2	0.14	Inclusion	NA	NA	NA
PHC3:170128339-170128387	PHC3	0.142	Inclusion	NA	NA	NA
PHC3:170145422-170145521	PHC3	0.116	Inclusion	NA	NA	NA
PHF21A:46079133-46079166	PHF21A	0.249	Inclusion	NA	NA	NA
PIM2:48915019-48915392	PIM2	0.145	Inclusion	NA	NA	NA
PKD1:2092953-2093093	PKD1	0.135	Inclusion	NA	NA	NA
PLD1:171686684-171686798	PLD1	0.614	Inclusion	Up	NA	NA
PLEKHA8:30061896-30062027	PLEKHA8	0.138	Inclusion	NA	NA	NA
PML:74032571-74032715	PML	0.201	Inclusion	NA	NA	NA
PNCK:153671879-153672018	PNCK	0.136	Inclusion	NA	NA	NA
PTK2:140879470-140879637	PTK2	0.151	Inclusion	NA	NA	NA
PTK2B:27422303-27422383	PTK2B	0.142	Inclusion	NA	NA	NA
PTPN12:77592184-77592256	PTPN12	0.14	Inclusion	NA	NA	NA
RAB7A:128797942-128798069	RAB7A	0.344	Inclusion	NA	NA	NA
RAD51D:35107365-35107447	RAD51D	0.298	Inclusion	NA	NA	NA
RARA:40342795-40342867	RARA	0.126	Inclusion	NA	-3.4883999999999995	pHGG
RBM33:155711172-155711455	RBM33	0.39	Inclusion	NA	NA	NA
RBM33:155711202-155711455	RBM33	0.206	Inclusion	NA	NA	NA
RBSN:15075046-15075116	RBSN	0.319	Inclusion	NA	NA	NA
RBX1:40964046-40964117	RBX1	0.563	Inclusion	NA	NA	NA
RBX1:40967798-40967884	RBX1	0.295	Inclusion	NA	NA	NA
RFX5:151345927-151345957	RFX5	0.179	Inclusion	NA	NA	NA
RIPK1:3080978-3081116	RIPK1	0.177	Inclusion	NA	NA	NA
RPA2:27897632-27897707	RPA2	0.124	Inclusion	NA	NA	NA
RSF1:77693506-77693611	RSF1	0.444	Inclusion	NA	NA	NA
RSKR:28612261-28612366	RSKR	0.14	Inclusion	NA	NA	NA
RSRP1:25306895-25306949	RSRP1	0.407	Inclusion	NA	NA	NA
RSRP1:25306895-25306949	RSRP1	0.558	Inclusion	NA	NA	NA
RUNX1:34859473-34859578	RUNX1	0.102	Inclusion	NA	NA	NA
RXRB:33196433-33196606	RXRB	0.735	Inclusion	NA	NA	NA
SDHC:161323613-161323670	SDHC	0.43	Inclusion	NA	-2.73995	pHGG
SDHC:161326650-161326768	SDHC	0.414	Inclusion	NA	-2.73995	pHGG
SDHC:161328395-161328497	SDHC	0.206	Inclusion	NA	-2.73995	pHGG
SEMA4B:90217766-90217928	SEMA4B	0.38	Inclusion	NA	NA	NA
SH3BP2:2825125-2825196	SH3BP2	0.135	Inclusion	NA	NA	NA
SIN3B:16853068-16853158	SIN3B	0.15	Inclusion	NA	NA	NA
SIRT6:4179103-4179286	SIRT6	0.152	Inclusion	NA	NA	NA
SMARCAD1:94278421-94278517	SMARCAD1	0.278	Inclusion	NA	NA	NA
SMARCC2:56164302-56164368	SMARCC2	0.224	Inclusion	NA	NA	NA
SNRPD2:45689232-45689347	SNRPD2	0.195	Inclusion	NA	NA	NA
SP3:173964404-173964553	SP3	0.152	Inclusion	NA	NA	NA
SS18:26084051-26084175	SS18	0.174	Inclusion	NA	NA	NA
SS18L1:62161435-62161580	SS18L1	0.111	Inclusion	NA	NA	NA
SSBP3:54258068-54258149	SSBP3	0.117	Inclusion	NA	NA	NA
SSBP4:18431646-18431706	SSBP4	0.427	Inclusion	NA	NA	NA
STRADA:63713459-63713527	STRADA	0.134	Inclusion	NA	NA	NA
TAF1:71459149-71459251	TAF1	0.252	Inclusion	NA	NA	NA
TBX18:84760254-84760356	TBX18	0.13	Inclusion	NA	NA	NA
TBX20:35249950-35250203	TBX20	0.156	Inclusion	NA	NA	NA
TCF3:1631950-1632116	TCF3	0.114	Inclusion	NA	NA	NA
TCF4:55350873-55351003	TCF4	0.136	Inclusion	NA	NA	NA
TET2:105243569-105243778	TET2	0.144	Inclusion	NA	NA	NA
TLE4:79652592-79652794	TLE4	0.159	Inclusion	NA	NA	NA
TLE4:79707122-79707218	TLE4	0.525	Inclusion	NA	NA	NA
TP73:3682332-3682430	TP73	0.219	Inclusion	NA	NA	NA
TTLL3:9816073-9816202	TTLL3	0.124	Inclusion	NA	NA	NA
TTLL3:9817644-9817759	TTLL3	0.173	Inclusion	NA	NA	NA
TTLL3:9817644-9818920	TTLL3	0.108	Inclusion	NA	NA	NA
TTLL3:9817644-9820741	TTLL3	0.145	Inclusion	NA	NA	NA
TTLL3:9818554-9818920	TTLL3	0.159	Inclusion	NA	NA	NA
TTLL3:9818821-9818920	TTLL3	0.149	Inclusion	NA	NA	NA
TYW5:199936404-199936492	TYW5	0.152	Inclusion	NA	NA	NA
UCHL5:193020306-193020381	UCHL5	0.147	Inclusion	NA	NA	NA
USP32:60211375-60211514	USP32	0.115	Inclusion	NA	NA	NA
WDR82:52260384-52260501	WDR82	0.141	Inclusion	NA	NA	NA
WIZ:15428109-15428508	WIZ	0.213	Inclusion	NA	NA	NA
ZDHHC18:26850300-26850438	ZDHHC18	0.194	Inclusion	NA	NA	NA
ZDHHC3:44929305-44929436	ZDHHC3	0.284	Inclusion	NA	NA	NA
ZDHHC3:44933117-44933199	ZDHHC3	0.589	Inclusion	NA	NA	NA
ZFP1:75166769-75166896	ZFP1	0.146	Inclusion	NA	NA	NA
ZMYND11:247397-247466	ZMYND11	0.288	Inclusion	NA	NA	NA
ZNF195:3361975-3362032	ZNF195	0.262	Inclusion	NA	NA	NA
ZNF346:177041777-177041870	ZNF346	0.148	Inclusion	NA	NA	NA
ZNF346:177041777-177041870	ZNF346	0.188	Inclusion	NA	NA	NA
ZNF346:177044388-177044533	ZNF346	0.131	Inclusion	NA	NA	NA
ZNF346:177044391-177044533	ZNF346	0.154	Inclusion	NA	NA	NA
ZNF346:177044391-177044533	ZNF346	0.457	Inclusion	NA	NA	NA
ZNF385D:21436969-21437203	ZNF385D	0.176	Inclusion	NA	NA	NA
ZNF385D:21510860-21511023	ZNF385D	0.158	Inclusion	NA	NA	NA
ZNF410:73896347-73896534	ZNF410	0.322	Inclusion	NA	NA	NA
ZNF44:12272486-12274063	ZNF44	0.18	Inclusion	NA	NA	NA
ZNF451:57090832-57090894	ZNF451	0.105	Inclusion	NA	NA	NA
ZNF512:27583657-27583716	ZNF512	0.201	Inclusion	NA	NA	NA
ZNF514:95152673-95152769	ZNF514	0.259	Inclusion	NA	NA	NA
ZNF618:114008476-114008554	ZNF618	0.156	Inclusion	NA	NA	NA
ZNF778:89223156-89223283	ZNF778	0.204	Inclusion	NA	NA	NA
ZNF875:37357961-37358039	ZNF875	0.38	Inclusion	NA	NA	NA
ZSCAN23:28435858-28436343	ZSCAN23	0.259	Inclusion	NA	NA	NA
ADAM23:206561127-206561212	ADAM23	0.183	Inclusion	NA	NA	NA
ADGRE5:14396341-14396473	ADGRE5	0.132	Inclusion	NA	NA	NA
BMPR1B:95114719-95114827	BMPR1B	0.189	Inclusion	NA	NA	NA
LRP1B:140993994-140994135	LRP1B	0.103	Inclusion	NA	NA	NA
LTBP2:74528482-74528698	LTBP2	0.21	Inclusion	NA	NA	NA
MALT1:58709975-58710072	MALT1	0.611	Inclusion	NA	NA	NA
NOTCH3:15184294-15184450	NOTCH3	0.155	Inclusion	NA	NA	NA
PKD1:2116832-2117016	PKD1	0.162	Inclusion	NA	NA	NA
PKD1:2116832-2117053	PKD1	0.148	Inclusion	NA	NA	NA
MIER1:66928886-66928963	MIER1	0.108	Inclusion	NA	NA	NA
MIER1:66928889-66928963	MIER1	0.147	Inclusion	NA	NA	NA
SERPINI2:167473736-167473827	SERPINI2	0.324	Inclusion	NA	NA	NA
ABL2:179107717-179109441	ABL2	0.342	Inclusion	NA	2.5156	pHGG
AKR1B1:134447297-134448061	AKR1B1	0.194	Inclusion	NA	NA	NA
APTX:32987543-32988129	APTX	0.12	Inclusion	NA	NA	NA
ATF3:212619045-212619555	ATF3	0.509	Inclusion	Down	NA	NA
BRD2:32976561-32977570	BRD2	0.285	Inclusion	NA	NA	NA
CIRBP:1271980-1274440	CIRBP	0.207	Inclusion	NA	NA	NA
CLK1:200859679-200861466	CLK1	0.544	Inclusion	NA	NA	NA
CLK4:178616881-178618778	CLK4	0.582	Inclusion	NA	NA	NA
CTNND1:57805541-57806983	CTNND1	0.113	Inclusion	NA	NA	NA
CUL2:35031490-35032494	CUL2	0.278	Inclusion	NA	NA	NA
DDIT3:57517268-57517753	DDIT3	0.152	Inclusion	Down	NA	NA
DNAJC11:6652828-6654039	DNAJC11	0.142	Inclusion	NA	NA	NA
EIF3I:32228726-32229208	EIF3I	0.304	Inclusion	NA	-4.6093472222222225	pHGG
EXOSC2:130699328-130702310	EXOSC2	0.169	Inclusion	NA	NA	NA
EZH2:148816683-148818117	EZH2	0.12	Inclusion	NA	-2.11252	pHGG
GLYR1:4803202-4805310	GLYR1	0.117	Inclusion	NA	NA	NA
HINT1:131159295-131162676	HINT1	0.186	Inclusion	NA	NA	NA
HNRNPA2B1:26190992-26192577	HNRNPA2B1	0.192	Inclusion	NA	NA	NA
HNRNPH1:179620891-179621397	HNRNPH1	0.176	Inclusion	NA	NA	NA
HNRNPH3:68337198-68338687	HNRNPH3	0.114	Inclusion	NA	NA	NA
HNRNPL:38840095-38840559	HNRNPL	0.121	Inclusion	NA	NA	NA
HSP90B1:103931520-103932418	HSP90B1	0.128	Inclusion	NA	NA	NA
MAP3K12:53486946-53487428	MAP3K12	0.155	Inclusion	NA	NA	NA
MAP3K14:45270412-45271221	MAP3K14	0.224	Inclusion	NA	NA	NA
MAPK12:50255614-50256199	MAPK12	0.222	Inclusion	NA	NA	NA
MARS1:57516244-57516655	MARS1	0.199	Inclusion	NA	NA	NA
PABPC4:39563613-39564542	PABPC4	0.108	Inclusion	NA	NA	NA
PABPC4:39563613-39564542	PABPC4	0.145	Inclusion	NA	NA	NA
PPIE:39741894-39743297	PPIE	0.128	Inclusion	NA	NA	NA
RAF1:12585121-12587637	RAF1	0.215	Inclusion	NA	-2.4259	pHGG
RBM3:48575560-48576083	RBM3	0.171	Inclusion	NA	NA	NA
RBMX:136872267-136875168	RBMX	0.227	Inclusion	NA	NA	NA
RIPK1:3082546-3083313	RIPK1	0.125	Inclusion	NA	NA	NA
SMAD3:67166530-67166853	SMAD3	0.22	Inclusion	NA	NA	NA
SMARCE1:40631591-40636102	SMARCE1	0.784	Inclusion	NA	NA	NA
TCF3:1615284-1615821	TCF3	0.129	Inclusion	NA	NA	NA
TCF3:1615284-1615821	TCF3	0.297	Inclusion	NA	NA	NA
TRA2A:23521706-23522432	TRA2A	0.247	Inclusion	NA	NA	NA
TRA2A:23521706-23522432	TRA2A	0.31	Inclusion	NA	NA	NA
AKAP8L:15397713-15400864	AKAP8L	0.238	Inclusion	NA	NA	NA
ARHGAP9:57476589-57476963	ARHGAP9	0.25	Inclusion	NA	NA	NA
BRPF1:9742024-9742541	BRPF1	0.303	Inclusion	NA	NA	NA
CIITA:10906498-10909187	CIITA	0.23	Inclusion	NA	NA	NA
DUS3L:5786748-5787171	DUS3L	0.169	Inclusion	NA	NA	NA
EIF3I:32224409-32226530	EIF3I	0.323	Inclusion	NA	-4.6093472222222225	pHGG
FANCA:89815876-89816647	FANCA	0.625	Inclusion	NA	NA	NA
FLII:18256908-18257276	FLII	0.362	Inclusion	NA	NA	NA
HAT1:171965786-171966949	HAT1	0.557	Inclusion	NA	NA	NA
HDAC7:47791870-47792669	HDAC7	0.184	Inclusion	NA	NA	NA
HTRA2:74531338-74531702	HTRA2	0.11	Inclusion	NA	NA	NA
PLCD1:38008457-38009158	PLCD1	0.184	Inclusion	NA	NA	NA
POLR2G:62761794-62762866	POLR2G	0.205	Inclusion	NA	NA	NA
RAF1:12608765-12609335	RAF1	0.257	Inclusion	NA	-2.4259	pHGG
U2AF1L4:35744322-35745187	U2AF1L4	0.223	Inclusion	NA	NA	NA
USP21:161164533-161164942	USP21	0.108	Inclusion	NA	NA	NA
ZSCAN2:84620601-84622714	ZSCAN2	0.194	Inclusion	NA	NA	NA
DPH1:2035969-2036686	DPH1	0.132	Inclusion	NA	NA	NA
BECN1:42823704-42823879	BECN1	0.23	Inclusion	NA	NA	NA
CDK18:205523482-205523715	CDK18	0.101	Inclusion	NA	NA	NA
CLK4:178617343-178618778	CLK4	0.601	Inclusion	NA	NA	NA
DNAJC11:6652828-6654039	DNAJC11	0.158	Inclusion	NA	NA	NA
ERBB2:39706989-39707204	ERBB2	0.252	Inclusion	NA	2.6091	pHGG
EWSR1:29288605-29291599	EWSR1	0.117	Inclusion	NA	-2.9172291666666665	pHGG
EZH2:148846469-148846598	EZH2	0.15	Inclusion	NA	-2.11252	pHGG
MID1:10566887-10567603	MID1	0.117	Inclusion	NA	NA	NA
NMT1:45081643-45081995	NMT1	0.276	Inclusion	NA	NA	NA
SYNCRIP:85614980-85615347	SYNCRIP	0.115	Inclusion	NA	NA	NA
TACC1:38827167-38827375	TACC1	0.269	Inclusion	NA	NA	NA
TMF1:69047348-69048562	TMF1	0.404	Inclusion	NA	NA	NA
CHEK2:28730419-28730548	CHEK2	0.24	Inclusion	NA	NA	NA
HNRNPH1:179616868-179616958	HNRNPH1	0.105	Inclusion	NA	NA	NA
LMO3:16600600-16600868	LMO3	0.103	Inclusion	NA	NA	NA
MADD:47295495-47295576	MADD	0.229	Inclusion	NA	NA	NA
MAP3K13:185428496-185429056	MAP3K13	0.112	Inclusion	NA	NA	NA
PNCK:153671879-153672200	PNCK	0.182	Inclusion	NA	NA	NA
SMARCC2:56164302-56164731	SMARCC2	0.291	Inclusion	NA	NA	NA
TEAD2:49355302-49355419	TEAD2	0.153	Inclusion	Up	NA	NA
ZNF827:145764974-145765165	ZNF827	0.243	Inclusion	NA	NA	NA
APTX:32987543-32987846	APTX	0.106	Inclusion	NA	NA	NA
APTX:32987543-32987846	APTX	0.123	Inclusion	NA	NA	NA
ASNS:97854579-97854754	ASNS	0.169	Inclusion	NA	NA	NA
DCLK2:150220702-150220778	DCLK2	0.24	Inclusion	NA	NA	NA
DDX5:64500548-64500882	DDX5	0.119	Inclusion	NA	NA	NA
FLYWCH1:2930409-2930880	FLYWCH1	0.141	Inclusion	NA	NA	NA
HNRNPA2B1:26193250-26193694	HNRNPA2B1	0.269	Inclusion	NA	NA	NA
HSP90B1:103932278-103932418	HSP90B1	0.149	Inclusion	NA	NA	NA
NFATC2:51523080-51524110	NFATC2	0.211	Inclusion	NA	NA	NA
PABPC4:39563613-39563922	PABPC4	0.22	Inclusion	NA	NA	NA
PHF8:54042630-54042836	PHF8	0.138	Inclusion	NA	NA	NA
RNF8:37368377-37369218	RNF8	0.372	Inclusion	NA	NA	NA
TRPM7:50583088-50583159	TRPM7	0.252	Inclusion	NA	NA	NA
CYLD:50749548-50750202	CYLD	0.104	Inclusion	NA	NA	NA
DMTF1:87182016-87182337	DMTF1	0.14	Inclusion	NA	NA	NA
DMTF1:87182016-87182337	DMTF1	0.26	Inclusion	NA	NA	NA
DMTF1:87182055-87182337	DMTF1	0.142	Inclusion	NA	NA	NA
ERGIC3:35556954-35557109	ERGIC3	0.155	Inclusion	NA	NA	NA
KNL1:40611477-40611511	KNL1	0.108	Inclusion	NA	NA	NA
MAP2K7:7910062-7910373	MAP2K7	0.152	Inclusion	NA	NA	NA
MTERF1:91876877-91876978	MTERF1	0.12	Inclusion	NA	NA	NA
NR1H3:47261546-47262018	NR1H3	0.361	Inclusion	NA	NA	NA
NR4A2:156326149-156326328	NR4A2	0.184	Inclusion	NA	NA	NA
NR4A2:156329322-156330188	NR4A2	0.171	Inclusion	NA	NA	NA
OTX1:63053931-63054198	OTX1	0.141	Inclusion	NA	NA	NA
PDE4DIP:149003610-149003730	PDE4DIP	0.6	Inclusion	NA	NA	NA
PGGHG:290657-291113	PGGHG	0.276	Inclusion	NA	NA	NA
RBM5:50100531-50103166	RBM5	0.143	Inclusion	NA	NA	NA
RPS6KA4:64368467-64368601	RPS6KA4	0.133	Inclusion	NA	NA	NA
SLC27A1:17487099-17487335	SLC27A1	0.108	Inclusion	NA	NA	NA
SP100:230473323-230473440	SP100	0.596	Inclusion	NA	NA	NA
TADA2A:37440504-37440662	TADA2A	0.138	Inclusion	NA	NA	NA
TERT:1278640-1278796	TERT	0.254	Inclusion	NA	NA	NA
ZNF433:12018165-12018301	ZNF433	0.173	Inclusion	NA	NA	NA
ZNF707:143691596-143691713	ZNF707	0.243	Inclusion	NA	NA	NA
CNTN4:3030854-3030975	CNTN4	0.316	Inclusion	NA	NA	NA
STK36:218696526-218696601	STK36	0.259	Inclusion	NA	NA	NA
ABI1:26770244-26770345	ABI1	0.186	Skipping	NA	NA	NA
ADD3:110132304-110132400	ADD3	0.211	Skipping	NA	NA	NA
AFDN:167965756-167966276	AFDN	0.102	Skipping	NA	NA	NA
AKT2:40236237-40236385	AKT2	0.105	Skipping	NA	NA	NA
ALX1:85283571-85283876	ALX1	0.119	Skipping	NA	NA	NA
BCL2L12:49667018-49667161	BCL2L12	0.234	Skipping	NA	NA	NA
BCL2L12:49667021-49667161	BCL2L12	0.261	Skipping	NA	NA	NA
BNC2:16435554-16437524	BNC2	0.108	Skipping	NA	NA	NA
BRPF1:9744223-9744541	BRPF1	0.118	Skipping	NA	NA	NA
CAMK2G:73819531-73819617	CAMK2G	0.125	Skipping	NA	NA	NA
CAMK2G:73819531-73819645	CAMK2G	0.131	Skipping	NA	NA	NA
CAMK2G:73825278-73825347	CAMK2G	0.198	Skipping	NA	NA	NA
CASP8:201272897-201272942	CASP8	0.24	Skipping	NA	NA	NA
CASP8:201272897-201272942	CASP8	0.494	Skipping	NA	NA	NA
CASP8:201274888-201274953	CASP8	0.247	Skipping	NA	NA	NA
CD44:35201667-35201787	CD44	0.113	Skipping	NA	NA	NA
CD44:35201670-35201787	CD44	0.106	Skipping	NA	NA	NA
CDC25C:138330986-138331214	CDC25C	0.125	Skipping	NA	NA	NA
CDC27:47157229-47157384	CDC27	0.243	Skipping	NA	NA	NA
CDKL3:134350248-134350427	CDKL3	0.161	Skipping	NA	NA	NA
CEACAM1:42518947-42519235	CEACAM1	0.233	Skipping	Up	NA	NA
CREM:35179133-35179276	CREM	0.564	Skipping	NA	NA	NA
CRTC2:153953265-153953369	CRTC2	0.121	Skipping	NA	NA	NA
CTTN:70421469-70421580	CTTN	0.132	Skipping	NA	NA	NA
DDR1:30895403-30895514	DDR1	0.105	Skipping	NA	2.5078	pHGG
DENND2B:8729949-8731209	DENND2B	0.141	Skipping	NA	NA	NA
DENND2B:8731122-8731209	DENND2B	0.164	Skipping	NA	NA	NA
DYRK2:67649796-67649945	DYRK2	0.243	Skipping	NA	NA	NA
EIF4G1:184315762-184315856	EIF4G1	0.26	Skipping	NA	NA	NA
EIF4G1:184317320-184317431	EIF4G1	0.121	Skipping	NA	NA	NA
EIF4G1:184317320-184317431	EIF4G1	0.337	Skipping	NA	NA	NA
EIF4G1:184317716-184317816	EIF4G1	0.246	Skipping	NA	NA	NA
EIF4G1:184317716-184317816	EIF4G1	0.289	Skipping	NA	NA	NA
ELF2:139067683-139067770	ELF2	0.184	Skipping	NA	NA	NA
ELN:74065693-74065732	ELN	0.32	Skipping	NA	NA	NA
EP400:132021078-132021321	EP400	0.129	Skipping	NA	NA	NA
EPHA5:65490376-65490712	EPHA5	0.258	Skipping	NA	NA	NA
EPS15L1:16377121-16377254	EPS15L1	0.109	Skipping	NA	NA	NA
FGFR1:38429681-38429948	FGFR1	0.123	Skipping	NA	-3.37081	pHGG
FGFR2:121565437-121565704	FGFR2	0.169	Skipping	NA	-3.0347999999999997	pHGG
GSTP1:67584684-67584772	GSTP1	0.363	Skipping	NA	NA	NA
GTF2H1:18341260-18341410	GTF2H1	0.433	Skipping	NA	NA	NA
HDGFL2:4501190-4501317	HDGFL2	0.186	Skipping	NA	NA	NA
HNRNPH1:179618144-179618323	HNRNPH1	0.179	Skipping	NA	NA	NA
HNRNPR:23340851-23341017	HNRNPR	0.113	Skipping	NA	NA	NA
KMT2A:118471661-118471985	KMT2A	0.127	Skipping	NA	NA	NA
KNL1:40628069-40628208	KNL1	0.42	Skipping	NA	NA	NA
KTN1:55663954-55664041	KTN1	0.195	Skipping	NA	NA	NA
LHCGR:48729152-48729227	LHCGR	0.133	Skipping	NA	NA	NA
LIMK2:31262133-31262239	LIMK2	0.364	Skipping	NA	NA	NA
MAP4:47915950-47917174	MAP4	0.155	Skipping	NA	NA	NA
MAPK7:19378895-19379132	MAPK7	0.221	Skipping	NA	NA	NA
MINK1:4892401-4892512	MINK1	0.304	Skipping	NA	NA	NA
MKNK1:46560233-46560277	MKNK1	0.132	Skipping	NA	NA	NA
MLLT10:21617111-21617207	MLLT10	0.122	Skipping	NA	NA	NA
MUC1:155188327-155188503	MUC1	0.252	Skipping	NA	NA	NA
NAXD:110624233-110624279	NAXD	0.231	Skipping	NA	NA	NA
NCL:231458265-231458344	NCL	0.607	Skipping	NA	NA	NA
NCL:231458265-231458620	NCL	0.54	Skipping	NA	NA	NA
NCOA2:70213902-70214075	NCOA2	0.4	Skipping	NA	NA	NA
NEDD4L:58341677-58341797	NEDD4L	0.361	Skipping	NA	NA	NA
NFIB:14125631-14125766	NFIB	0.507	Skipping	NA	NA	NA
NFIC:3453762-3453916	NFIC	0.131	Skipping	NA	NA	NA
NLE1:35139819-35140066	NLE1	0.127	Skipping	NA	NA	NA
NTRK2:84744972-84745073	NTRK2	0.171	Skipping	NA	NA	NA
OSBPL3:24849068-24849176	OSBPL3	0.146	Skipping	NA	NA	NA
PAK1:77349238-77349287	PAK1	0.105	Skipping	NA	NA	NA
PLSCR1:146521543-146522053	PLSCR1	0.358	Skipping	NA	NA	NA
PLSCR1:146521832-146522053	PLSCR1	0.454	Skipping	NA	NA	NA
PLSCR1:146528613-146528831	PLSCR1	0.127	Skipping	NA	NA	NA
POGZ:151424954-151425061	POGZ	0.385	Skipping	NA	NA	NA
POGZ:151427822-151428014	POGZ	0.762	Skipping	NA	NA	NA
PPARGC1A:23801729-23801881	PPARGC1A	0.104	Skipping	NA	NA	NA
PPRC1:102146671-102147392	PPRC1	0.473	Skipping	NA	NA	NA
PRDX1:45514872-45514995	PRDX1	0.383	Skipping	NA	NA	NA
PUM1:31005852-31006031	PUM1	0.121	Skipping	NA	NA	NA
PUM1:31006993-31007102	PUM1	0.173	Skipping	NA	NA	NA
PUM2:20278582-20278819	PUM2	0.188	Skipping	NA	NA	NA
RALY:34075873-34076040	RALY	0.333	Skipping	NA	NA	NA
RBCK1:409829-410025	RBCK1	0.136	Skipping	NA	NA	NA
RBCK1:409880-410025	RBCK1	0.113	Skipping	NA	NA	NA
RBM4:66643449-66644140	RBM4	0.166	Skipping	NA	NA	NA
RPS3:75402303-75402446	RPS3	0.178	Skipping	NA	NA	NA
SATB2:199455868-199456096	SATB2	0.185	Skipping	NA	NA	NA
SCYL1:65538269-65538324	SCYL1	0.12	Skipping	NA	NA	NA
SEPTIN4:58526681-58526978	SEPTIN4	0.128	Skipping	NA	NA	NA
SLC43A1:57493992-57494171	SLC43A1	0.184	Skipping	NA	NA	NA
SP100:230449560-230449710	SP100	0.206	Skipping	NA	NA	NA
SRGAP3:8990511-8990839	SRGAP3	0.108	Skipping	NA	NA	NA
TNC:115048259-115048532	TNC	0.405	Skipping	NA	NA	NA
TNIK:171128713-171128878	TNIK	0.146	Skipping	NA	NA	NA
TRIO:14487463-14487730	TRIO	0.241	Skipping	NA	NA	NA
TSC2:2077597-2077726	TSC2	0.122	Skipping	NA	NA	NA
UBE4B:10106196-10106583	UBE4B	0.563	Skipping	NA	NA	NA
USP15:62349220-62349307	USP15	0.182	Skipping	NA	NA	NA
WAC:28595694-28596041	WAC	0.244	Skipping	NA	NA	NA
WAC:28595732-28596041	WAC	0.236	Skipping	NA	NA	NA
ZMYND8:47238757-47239138	ZMYND8	0.197	Skipping	NA	NA	NA
ZNF385A:54371472-54371642	ZNF385A	0.375	Skipping	NA	NA	NA
AFDN:167965756-167965853	AFDN	0.157	Skipping	NA	NA	NA
AHI1:135456188-135456373	AHI1	0.633	Skipping	NA	NA	NA
AKAP13:85662387-85662453	AKAP13	0.187	Skipping	NA	NA	NA
AKAP13:85662387-85662453	AKAP13	0.199	Skipping	NA	NA	NA
APTX:32974457-32974561	APTX	0.168	Skipping	NA	NA	NA
ARNT:150852761-150852806	ARNT	0.784	Skipping	NA	NA	NA
ARNT:150852761-150852840	ARNT	0.896	Skipping	NA	NA	NA
ASXL1:32429900-32430053	ASXL1	0.169	Skipping	NA	NA	NA
ATF3:212619045-212619266	ATF3	0.407	Skipping	Down	NA	NA
ATM:108243952-108244118	ATM	0.444	Skipping	NA	NA	NA
ATM:108294926-108296393	ATM	0.109	Skipping	NA	NA	NA
BABAM1:17276494-17276624	BABAM1	0.884	Skipping	NA	NA	NA
BAG1:33262104-33262246	BAG1	0.204	Skipping	NA	NA	NA
BCL2L11:111150043-111150147	BCL2L11	0.109	Skipping	NA	NA	NA
BOK:241570124-241570288	BOK	0.116	Skipping	NA	NA	NA
BPTF:67886127-67886316	BPTF	0.171	Skipping	NA	NA	NA
BRF1:105228819-105228913	BRF1	0.125	Skipping	NA	NA	NA
BRPF1:9742351-9742541	BRPF1	0.132	Skipping	NA	NA	NA
CAMTA1:6886239-6886346	CAMTA1	0.132	Skipping	NA	NA	NA
CASP1:105033063-105033126	CASP1	0.107	Skipping	NA	NA	NA
CBLB:105681292-105681610	CBLB	0.291	Skipping	NA	NA	NA
CBLB:105681478-105681610	CBLB	0.176	Skipping	NA	NA	NA
CCNDBP1:43194080-43194137	CCNDBP1	0.169	Skipping	NA	NA	NA
CD44:35196745-35196874	CD44	0.166	Skipping	NA	NA	NA
CD44:35196745-35196874	CD44	0.174	Skipping	NA	NA	NA
CD44:35198120-35198246	CD44	0.106	Skipping	NA	NA	NA
CD44:35204511-35204640	CD44	0.11	Skipping	NA	NA	NA
CD44:35206111-35206243	CD44	0.22	Skipping	NA	NA	NA
CD44:35206114-35206243	CD44	0.11	Skipping	NA	NA	NA
CD44:35208104-35208206	CD44	0.249	Skipping	NA	NA	NA
CDC42BPA:227112670-227112913	CDC42BPA	0.195	Skipping	NA	NA	NA
CDC42BPA:227213135-227213219	CDC42BPA	0.102	Skipping	NA	NA	NA
CDC42BPA:227219262-227219420	CDC42BPA	0.849	Skipping	NA	NA	NA
CENPA:26792501-26792833	CENPA	0.123	Skipping	NA	NA	NA
CHD9:53223449-53223507	CHD9	0.112	Skipping	NA	NA	NA
CHEK2:28730455-28730548	CHEK2	0.473	Skipping	NA	NA	NA
CHFR:132869618-132869834	CHFR	0.227	Skipping	NA	NA	NA
COQ8A:226964999-226965410	COQ8A	0.416	Skipping	NA	NA	NA
CPSF6:69258034-69258145	CPSF6	0.164	Skipping	NA	NA	NA
CSDE1:114730257-114730422	CSDE1	0.107	Skipping	NA	NA	NA
DDB1:61324237-61324387	DDB1	0.166	Skipping	NA	-3.47845	pHGG
DDB2:47234756-47234934	DDB2	0.14	Skipping	NA	NA	NA
DHX9:182855576-182855713	DHX9	0.141	Skipping	NA	NA	NA
DLG1:197161639-197161738	DLG1	0.142	Skipping	NA	NA	NA
DMD:31177931-31177970	DMD	0.21	Skipping	NA	NA	NA
DMPK:45778492-45778641	DMPK	0.186	Skipping	NA	NA	NA
DNMT1:10180186-10180234	DNMT1	0.11	Skipping	NA	-2.9949785714285713	pHGG
DPH1:2033778-2033842	DPH1	0.104	Skipping	NA	NA	NA
ELN:74063620-74063695	ELN	0.225	Skipping	NA	NA	NA
EMSY:76459932-76460085	EMSY	0.243	Skipping	NA	NA	NA
EMSY:76459935-76460085	EMSY	0.262	Skipping	NA	NA	NA
EPB41:29068732-29068768	EPB41	0.112	Skipping	NA	NA	NA
ERCC1:45413962-45414034	ERCC1	0.124	Skipping	NA	NA	NA
EWSR1:29288986-29289062	EWSR1	0.353	Skipping	NA	-2.9172291666666665	pHGG
EZH2:148836821-148837000	EZH2	0.134	Skipping	NA	-2.11252	pHGG
EZH2:148836821-148837000	EZH2	0.293	Skipping	NA	-2.11252	pHGG
FANCE:35457915-35457984	FANCE	0.177	Skipping	NA	NA	NA
FBXL19:30925730-30925931	FBXL19	0.107	Skipping	NA	NA	NA
FBXL19:30925768-30925931	FBXL19	0.213	Skipping	NA	NA	NA
FBXO25:431340-431444	FBXO25	0.129	Skipping	NA	NA	NA
FIP1L1:53391429-53391498	FIP1L1	0.149	Skipping	NA	NA	NA
FLNB:58131926-58132019	FLNB	0.164	Skipping	NA	NA	NA
FLNB:58141857-58141896	FLNB	0.134	Skipping	NA	NA	NA
FLNB:58141857-58141929	FLNB	0.164	Skipping	NA	NA	NA
FMR1:147930872-147930964	FMR1	0.208	Skipping	NA	NA	NA
FN1:215380810-215381080	FN1	0.222	Skipping	NA	NA	NA
FOXN2:48346200-48346751	FOXN2	0.656	Skipping	NA	NA	NA
FOXP2:114538325-114538383	FOXP2	0.472	Skipping	NA	NA	NA
FOXP2:114570806-114570881	FOXP2	0.355	Skipping	NA	NA	NA
FYN:111700103-111700268	FYN	0.233	Skipping	NA	NA	NA
GLI1:57463664-57463791	GLI1	0.108	Skipping	NA	NA	NA
GLIS1:53509848-53510027	GLIS1	0.243	Skipping	Down	NA	NA
GTF2IRD1:74555392-74555494	GTF2IRD1	0.146	Skipping	NA	NA	NA
GTF2IRD1:74555437-74555494	GTF2IRD1	0.198	Skipping	NA	NA	NA
HDAC2:113968633-113968696	HDAC2	0.126	Skipping	NA	-2.262094444444444	pHGG
HDAC7:47792537-47792669	HDAC7	0.191	Skipping	NA	NA	NA
HDAC8:72464558-72464731	HDAC8	0.165	Skipping	NA	NA	NA
HDAC8:72495155-72495268	HDAC8	0.427	Skipping	NA	NA	NA
HDAC8:72567888-72568030	HDAC8	0.367	Skipping	NA	NA	NA
HDAC9:18590335-18590486	HDAC9	0.207	Skipping	NA	2.6137	pHGG
HDAC9:18590344-18590486	HDAC9	0.204	Skipping	NA	2.6137	pHGG
HIPK3:33348165-33348228	HIPK3	0.106	Skipping	NA	NA	NA
INO80E:30001211-30001530	INO80E	0.226	Skipping	NA	NA	NA
INO80E:30001464-30001530	INO80E	0.28	Skipping	NA	NA	NA
IRF2:184418166-184418213	IRF2	0.273	Skipping	NA	NA	NA
KDM6A:45060608-45060764	KDM6A	0.137	Skipping	NA	NA	NA
KNL1:40629323-40629371	KNL1	0.139	Skipping	NA	NA	NA
KSR1:27550567-27550708	KSR1	0.121	Skipping	NA	NA	NA
MALT1:58715934-58715967	MALT1	0.276	Skipping	NA	NA	NA
MAP4:47909037-47912421	MAP4	0.223	Skipping	NA	NA	NA
MAP4K4:101855976-101856138	MAP4K4	0.123	Skipping	NA	NA	NA
MAPK7:19380483-19380501	MAPK7	0.102	Skipping	NA	NA	NA
MAST4:67149388-67149589	MAST4	0.223	Skipping	NA	NA	NA
MBIP:36305088-36305304	MBIP	0.28	Skipping	NA	NA	NA
MEF2C:88760987-88761125	MEF2C	0.159	Skipping	NA	NA	NA
MEIS1:66569049-66569145	MEIS1	0.113	Skipping	NA	NA	NA
MGA:41742545-41743172	MGA	0.244	Skipping	NA	NA	NA
MPPE1:11886712-11886781	MPPE1	0.221	Skipping	NA	NA	NA
MYB:135196725-135197323	MYB	0.174	Skipping	NA	NA	NA
MYB:135196960-135197323	MYB	0.212	Skipping	NA	NA	NA
NACA:56719725-56721459	NACA	0.126	Skipping	NA	-2.759032142857143	pHGG
NCOR2:124334423-124334617	NCOR2	0.216	Skipping	NA	NA	NA
NFKB2:102398738-102398864	NFKB2	0.399	Skipping	NA	NA	NA
NPM1:171406396-171407161	NPM1	0.176	Skipping	NA	NA	NA
NR1H3:47259360-47259606	NR1H3	0.157	Skipping	NA	NA	NA
PABPC1L:44932341-44932432	PABPC1L	0.542	Skipping	NA	NA	NA
PBX3:125929654-125929845	PBX3	0.167	Skipping	NA	NA	NA
PHF20L1:132825034-132825157	PHF20L1	0.188	Skipping	NA	NA	NA
PHF21A:45946075-45946098	PHF21A	0.404	Skipping	NA	NA	NA
PHF21A:45971115-45971364	PHF21A	0.12	Skipping	NA	NA	NA
PLAAT2:63558391-63558660	PLAAT2	0.18	Skipping	NA	NA	NA
PLEKHA8:30078589-30078778	PLEKHA8	0.13	Skipping	NA	NA	NA
PMS1:189795768-189795951	PMS1	0.103	Skipping	NA	NA	NA
POU2F2:42117249-42117366	POU2F2	0.152	Skipping	NA	NA	NA
PRKAG1:49005742-49005881	PRKAG1	0.166	Skipping	NA	NA	NA
PRR3:30561327-30561508	PRR3	0.16	Skipping	NA	NA	NA
PRR3:30561327-30561508	PRR3	0.182	Skipping	NA	NA	NA
PTGR2:73879095-73879305	PTGR2	0.158	Skipping	NA	NA	NA
PUM1:30980061-30980178	PUM1	0.108	Skipping	NA	NA	NA
PUM2:20327309-20327378	PUM2	0.108	Skipping	NA	NA	NA
RAD52:926795-926946	RAD52	0.351	Skipping	NA	NA	NA
RBCK1:420870-421006	RBCK1	0.239	Skipping	NA	NA	NA
RBM33:155684932-155685052	RBM33	0.113	Skipping	NA	NA	NA
RUNX2:45513449-45513653	RUNX2	0.157	Skipping	NA	NA	NA
RYK:134175929-134176039	RYK	0.124	Skipping	NA	NA	NA
SDCCAG8:243293398-243293494	SDCCAG8	0.242	Skipping	NA	NA	NA
SEPTIN4:58526766-58526978	SEPTIN4	0.371	Skipping	NA	NA	NA
SETMAR:4312897-4313229	SETMAR	0.167	Skipping	NA	NA	NA
SETMAR:4312897-4313229	SETMAR	0.331	Skipping	NA	NA	NA
SETMAR:4312897-4313761	SETMAR	0.15	Skipping	NA	NA	NA
SF1:64765950-64766155	SF1	0.109	Skipping	NA	NA	NA
SF1:64765950-64766155	SF1	0.117	Skipping	NA	NA	NA
SMARCD1:50087362-50087485	SMARCD1	0.169	Skipping	NA	NA	NA
SNRNP70:49102113-49102173	SNRNP70	0.134	Skipping	NA	NA	NA
SNRNP70:49102113-49102185	SNRNP70	0.132	Skipping	NA	NA	NA
SNRNP70:49102113-49103587	SNRNP70	0.124	Skipping	NA	NA	NA
SNRPD2:45689232-45689347	SNRPD2	0.397	Skipping	NA	NA	NA
SOX13:204121870-204121985	SOX13	0.316	Skipping	NA	NA	NA
SP100:230498460-230498535	SP100	0.23	Skipping	NA	NA	NA
SRRM1:24647078-24647208	SRRM1	0.141	Skipping	NA	NA	NA
SRSF3:36599820-36600276	SRSF3	0.214	Skipping	NA	NA	NA
SRSF6:43459152-43459420	SRSF6	0.254	Skipping	NA	NA	NA
SS18:26080304-26080423	SS18	0.385	Skipping	NA	NA	NA
SS18:26082362-26082528	SS18	0.214	Skipping	NA	NA	NA
SS18:26082362-26082528	SS18	0.23	Skipping	NA	NA	NA
SSBP4:18431352-18431418	SSBP4	0.162	Skipping	NA	NA	NA
SYNE1:152130719-152130778	SYNE1	0.17	Skipping	NA	NA	NA
TBRG1:124626472-124626609	TBRG1	0.177	Skipping	NA	NA	NA
TBRG1:124626472-124626609	TBRG1	0.195	Skipping	NA	NA	NA
TCF4:55350873-55351000	TCF4	0.448	Skipping	NA	NA	NA
TCF4:55350873-55351003	TCF4	0.233	Skipping	NA	NA	NA
TCF7L2:113159919-113159992	TCF7L2	0.131	Skipping	NA	NA	NA
TCF7L2:113160618-113160691	TCF7L2	0.103	Skipping	NA	NA	NA
TEAD1:12864837-12864900	TEAD1	0.143	Skipping	NA	NA	NA
TFDP2:141993537-141993585	TFDP2	0.23	Skipping	NA	NA	NA
TLE4:79649819-79649858	TLE4	0.131	Skipping	NA	NA	NA
TLE4:79649819-79649858	TLE4	0.166	Skipping	NA	NA	NA
TLE4:79649819-79649858	TLE4	0.22	Skipping	NA	NA	NA
TLE4:79649819-79649858	TLE4	0.2	Skipping	NA	NA	NA
TLE4:79649819-79649858	TLE4	0.34	Skipping	NA	NA	NA
TLE4:79707122-79707218	TLE4	0.3	Skipping	NA	NA	NA
TNRC6A:24793472-24793649	TNRC6A	0.118	Skipping	NA	NA	NA
TP53BP1:43446765-43446910	TP53BP1	0.254	Skipping	NA	NA	NA
TP53BP1:43446765-43446914	TP53BP1	0.326	Skipping	NA	NA	NA
TPK1:144591422-144591569	TPK1	0.149	Skipping	NA	NA	NA
TRIT1:39847547-39847660	TRIT1	0.13	Skipping	NA	NA	NA
UBR7:93212031-93212127	UBR7	0.225	Skipping	NA	NA	NA
UHRF2:6492302-6492401	UHRF2	0.25	Skipping	NA	NA	NA
UHRF2:6495584-6497103	UHRF2	0.34	Skipping	NA	NA	NA
UHRF2:6497048-6497103	UHRF2	0.336	Skipping	NA	NA	NA
UPF1:18851049-18851129	UPF1	0.13	Skipping	NA	NA	NA
WNK1:867865-869104	WNK1	0.161	Skipping	NA	NA	NA
WNK1:880720-880999	WNK1	0.123	Skipping	NA	NA	NA
ZKSCAN5:99520168-99520304	ZKSCAN5	0.281	Skipping	NA	NA	NA
ZNF195:3361742-3361889	ZNF195	0.135	Skipping	NA	NA	NA
ZNF195:3361742-3368855	ZNF195	0.117	Skipping	NA	NA	NA
ZNF287:16567328-16567929	ZNF287	0.103	Skipping	NA	NA	NA
ZNF75A:3316911-3317022	ZNF75A	0.143	Skipping	NA	NA	NA
ZNF827:145870244-145870478	ZNF827	0.171	Skipping	NA	NA	NA
ZNF846:9759859-9759942	ZNF846	0.107	Skipping	NA	NA	NA
ZSCAN31:28329302-28329778	ZSCAN31	0.159	Skipping	NA	NA	NA
CACNA2D3:54879349-54879411	CACNA2D3	0.12	Skipping	NA	NA	NA
FBLN1:45535255-45535337	FBLN1	0.252	Skipping	NA	NA	NA
NOTCH2:120005328-120005588	NOTCH2	0.38	Skipping	NA	NA	NA
NPY1R:163326217-163326298	NPY1R	0.352	Skipping	NA	NA	NA
SCN3B:123645586-123645750	SCN3B	0.172	Skipping	NA	NA	NA
TNFRSF10B:23043137-23043243	TNFRSF10B	0.135	Skipping	NA	NA	NA
SMARCA2:2159813-2159909	SMARCA2	0.158	Skipping	NA	NA	NA
ACADM:75750450-75750891	ACADM	0.498	Skipping	NA	NA	NA
APEX1:20455225-20455703	APEX1	0.211	Skipping	NA	NA	NA
CDK10:89693273-89693467	CDK10	0.102	Skipping	NA	NA	NA
DNAJC11:6652828-6654039	DNAJC11	0.112	Skipping	NA	NA	NA
EWSR1:29288605-29291599	EWSR1	0.137	Skipping	NA	-2.9172291666666665	pHGG
EXOSC8:37000785-37001801	EXOSC8	0.15	Skipping	NA	NA	NA
EXOSC8:37000787-37002309	EXOSC8	0.202	Skipping	NA	NA	NA
EZH2:148816683-148817391	EZH2	0.117	Skipping	NA	-2.11252	pHGG
FMR1:147943130-147945051	FMR1	0.16	Skipping	NA	NA	NA
GAK:850935-851974	GAK	0.116	Skipping	NA	NA	NA
HDAC1:32331675-32332242	HDAC1	0.301	Skipping	NA	NA	NA
KDM2B:121442156-121443793	KDM2B	0.267	Skipping	NA	NA	NA
LYPD3:43463125-43463769	LYPD3	0.249	Skipping	NA	NA	NA
MCRS1:49566076-49566841	MCRS1	0.112	Skipping	NA	NA	NA
NF1:31229024-31229974	NF1	0.163	Skipping	NA	NA	NA
NONO:71290628-71291972	NONO	0.132	Skipping	NA	NA	NA
PHF20L1:132814636-132817545	PHF20L1	0.188	Skipping	NA	NA	NA
PKD1:2105321-2106024	PKD1	0.219	Skipping	NA	NA	NA
PML:74034477-74036394	PML	0.128	Skipping	NA	NA	NA
RBM39:35738967-35740887	RBM39	0.149	Skipping	NA	NA	NA
SCYL1:65538269-65538704	SCYL1	0.179	Skipping	NA	NA	NA
SCYL1:65538269-65538704	SCYL1	0.186	Skipping	NA	NA	NA
SLX4:3600978-3602307	SLX4	0.368	Skipping	NA	NA	NA
STK11:1220372-1220717	STK11	0.148	Skipping	NA	NA	NA
SUPT7L:27660983-27662281	SUPT7L	0.184	Skipping	NA	NA	NA
ADARB1:45222017-45226560	ADARB1	0.194	Skipping	NA	NA	NA
ARID5A:96549752-96550285	ARID5A	0.102	Skipping	NA	NA	NA
BAX:48960809-48961798	BAX	0.17	Skipping	NA	NA	NA
CIT:119718698-119720585	CIT	0.187	Skipping	NA	NA	NA
DMPK:45778492-45779359	DMPK	0.187	Skipping	NA	NA	NA
HSF4:67165945-67166395	HSF4	0.194	Skipping	NA	NA	NA
KDM6B:7853209-7854796	KDM6B	0.168	Skipping	NA	NA	NA
KRIT1:92242033-92245908	KRIT1	0.271	Skipping	NA	NA	NA
L3MBTL2:41227088-41227869	L3MBTL2	0.184	Skipping	NA	NA	NA
MBD6:57524028-57524416	MBD6	0.156	Skipping	NA	NA	NA
PNCK:153671879-153672200	PNCK	0.193	Skipping	NA	NA	NA
PTGR2:73876997-73880176	PTGR2	0.195	Skipping	NA	NA	NA
SNAPC4:136391941-136392594	SNAPC4	0.127	Skipping	NA	NA	NA
YBX2:7291092-7292059	YBX2	0.436	Skipping	NA	NA	NA
AFDN:167965756-167966270	AFDN	0.21	Skipping	NA	NA	NA
AFDN:167965756-167966276	AFDN	0.288	Skipping	NA	NA	NA
BANP:87975047-87975207	BANP	0.463	Skipping	NA	NA	NA
CASP8:201276826-201277104	CASP8	0.119	Skipping	NA	NA	NA
CD74:150405084-150406321	CD74	0.22	Skipping	NA	NA	NA
CD74:150405084-150406321	CD74	0.5	Skipping	NA	NA	NA
ETF1:138542633-138542936	ETF1	0.119	Skipping	NA	-3.536691666666667	pHGG
HNRNPA1:54282572-54282662	HNRNPA1	0.395	Skipping	NA	NA	NA
HNRNPA1:54282572-54282665	HNRNPA1	0.395	Skipping	NA	NA	NA
HNRNPA2B1:26190992-26192577	HNRNPA2B1	0.136	Skipping	NA	NA	NA
LARP7:112644667-112644871	LARP7	0.171	Skipping	NA	NA	NA
NCL:231458265-231459125	NCL	0.133	Skipping	NA	NA	NA
PLSCR1:146521543-146522053	PLSCR1	0.161	Skipping	NA	NA	NA
PPARGC1A:23831495-23831751	PPARGC1A	0.11	Skipping	NA	NA	NA
PUM1:31059203-31059577	PUM1	0.119	Skipping	NA	NA	NA
RAD51C:58692601-58693650	RAD51C	0.15	Skipping	NA	NA	NA
RMND5B:178138107-178138396	RMND5B	0.162	Skipping	NA	NA	NA
SCARB1:124807760-124807927	SCARB1	0.126	Skipping	NA	NA	NA
ZNF652:49316825-49317983	ZNF652	0.139	Skipping	NA	NA	NA
BRPF1:9742024-9742541	BRPF1	0.103	Skipping	NA	NA	NA
BRPF1:9742024-9742541	BRPF1	0.292	Skipping	NA	NA	NA
BRPF1:9742943-9743471	BRPF1	0.291	Skipping	NA	NA	NA
CBLB:105671020-105671046	CBLB	0.207	Skipping	NA	NA	NA
CNOT3:54152866-54153082	CNOT3	0.279	Skipping	NA	NA	NA
DMPK:45778492-45779359	DMPK	0.205	Skipping	NA	NA	NA
MADD:47284940-47285194	MADD	0.101	Skipping	NA	NA	NA
MADD:47295495-47295579	MADD	0.193	Skipping	NA	NA	NA
PLCD1:38008457-38009158	PLCD1	0.173	Skipping	NA	NA	NA
RAD52:926795-927263	RAD52	0.283	Skipping	NA	NA	NA
RSKR:28611392-28611656	RSKR	0.173	Skipping	NA	NA	NA
TARDBP:11022123-11022250	TARDBP	0.307	Skipping	NA	NA	NA
THBS3:155203085-155203137	THBS3	0.109	Skipping	NA	NA	NA
DNAJC11:6652828-6653387	DNAJC11	0.115	Skipping	NA	NA	NA
KAT6B:74981786-74985241	KAT6B	0.162	Skipping	NA	NA	NA
MOB1A:74172585-74172752	MOB1A	0.123	Skipping	NA	NA	NA
NFRKB:129884744-129884882	NFRKB	0.146	Skipping	NA	NA	NA
NPM1:171406396-171407774	NPM1	0.178	Skipping	NA	NA	NA
PKD1:2105321-2105707	PKD1	0.192	Skipping	NA	NA	NA
PPARGC1A:23824279-23824384	PPARGC1A	0.112	Skipping	NA	NA	NA
PXN:120215102-120215417	PXN	0.174	Skipping	NA	NA	NA
RACK1:181236936-181237319	RACK1	0.106	Skipping	NA	NA	NA
ROBO1:78635772-78636108	ROBO1	0.194	Skipping	Up	NA	NA
SCYL1:65538269-65538704	SCYL1	0.169	Skipping	NA	NA	NA
SIK3:116857809-116858699	SIK3	0.125	Skipping	NA	NA	NA
TRA2A:23521706-23522432	TRA2A	0.374	Skipping	NA	NA	NA
CCNDBP1:43194080-43194461	CCNDBP1	0.157	Skipping	NA	NA	NA
CHFR:132869618-132869798	CHFR	0.112	Skipping	NA	NA	NA
CHFR:132869618-132869834	CHFR	0.11	Skipping	NA	NA	NA
CIT:119718698-119718861	CIT	0.12	Skipping	NA	NA	NA
DDB2:47234756-47235412	DDB2	0.32	Skipping	NA	NA	NA
DUS3L:5786748-5786919	DUS3L	0.149	Skipping	NA	NA	NA
EMSY:76542167-76542367	EMSY	0.249	Skipping	NA	NA	NA
FAM200B:15686931-15687145	FAM200B	0.104	Skipping	NA	NA	NA
FOXP2:114629786-114630005	FOXP2	0.147	Skipping	NA	NA	NA
FOXP2:114629804-114630005	FOXP2	0.133	Skipping	NA	NA	NA
HDAC7:47791870-47792669	HDAC7	0.229	Skipping	NA	NA	NA
KANK1:732377-734835	KANK1	0.153	Skipping	NA	NA	NA
MPPE1:11886498-11886778	MPPE1	0.11	Skipping	NA	NA	NA
NUP214:131146128-131146304	NUP214	0.164	Skipping	NA	NA	NA
PARP3:51943348-51943538	PARP3	0.328	Skipping	NA	NA	NA
PMEL:55955273-55955382	PMEL	0.155	Skipping	NA	NA	NA
POU2F2:42117249-42117432	POU2F2	0.452	Skipping	NA	NA	NA
PRKAG1:49005461-49005592	PRKAG1	0.302	Skipping	NA	NA	NA
SCYL1:65536985-65537128	SCYL1	0.116	Skipping	NA	NA	NA
SETMAR:4313646-4313761	SETMAR	0.145	Skipping	NA	NA	NA
SF1:64764605-64766155	SF1	0.109	Skipping	NA	NA	NA
SNX5:17953995-17954223	SNX5	0.22	Skipping	NA	NA	NA
STK32C:132227976-132228189	STK32C	0.135	Skipping	NA	NA	NA
TFE3:49039106-49039410	TFE3	0.112	Skipping	NA	NA	NA
ZKSCAN5:99505942-99506458	ZKSCAN5	0.248	Skipping	NA	NA	NA
ZNF395:28360884-28361182	ZNF395	0.2	Skipping	NA	NA	NA
ZNF559-ZNF177:9380667-9382617	ZNF177	0.16	Skipping	NA	NA	NA
ZRSR2:15799871-15799953	ZRSR2	0.138	Skipping	NA	NA	NA
NA	ABCB4	NA	NA	Up	NA	NA
NA	TNFRSF12A	NA	NA	Down	NA	NA
NA	CAMK1G	NA	NA	Down	NA	NA
NA	MLXIPL	NA	NA	Up	NA	NA
NA	GPRC5A	NA	NA	Down	2.6884	pHGG
NA	IGF1	NA	NA	Up	NA	NA
NA	SERPINB1	NA	NA	Up	NA	NA
NA	BIRC3	NA	NA	Down	NA	NA
NA	CDH10	NA	NA	Up	NA	NA
NA	DSG2	NA	NA	Up	NA	NA
NA	LIMA1	NA	NA	Down	NA	NA
NA	TRAF1	NA	NA	Down	NA	NA
NA	CREB3L3	NA	NA	Up	NA	NA
NA	SNCAIP	NA	NA	Up	NA	NA
NA	KLF6	NA	NA	Down	NA	NA
NA	ACAP1	NA	NA	Up	NA	NA
NA	PTGS2	NA	NA	Down	NA	NA
NA	ST6GAL1	NA	NA	Up	NA	NA
NA	IL4R	NA	NA	Up	NA	NA
NA	LAT2	NA	NA	Down	NA	NA
NA	BLNK	NA	NA	Up	NA	NA
NA	HNF4A	NA	NA	Up	NA	NA
NA	MYLK2	NA	NA	Down	NA	NA
NA	OLFM4	NA	NA	Up	NA	NA
NA	FOXF1	NA	NA	Down	NA	NA
NA	CTSH	NA	NA	Up	NA	NA
NA	NDRG1	NA	NA	Up	NA	NA
NA	AURKC	NA	NA	Down	NA	NA
NA	GRIN2D	NA	NA	Up	NA	NA
NA	JAK3	NA	NA	Up	2.5386	pHGG
NA	LFNG	NA	NA	Up	NA	NA
NA	HOXA13	NA	NA	Up	NA	NA
NA	CORO2A	NA	NA	Up	NA	NA
NA	RASSF4	NA	NA	Up	NA	NA
NA	DKK1	NA	NA	Down	NA	NA
NA	DLX4	NA	NA	Up	NA	NA
NA	PHOX2B	NA	NA	Down	NA	NA
NA	ZBTB16	NA	NA	Up	NA	NA
NA	CUX2	NA	NA	Up	NA	NA
NA	GHR	NA	NA	Up	NA	NA
NA	HRG	NA	NA	Up	NA	NA
NA	WNT6	NA	NA	Up	NA	NA
NA	DLX2	NA	NA	Down	NA	NA
NA	PRG4	NA	NA	Up	NA	NA
NA	MYCL	NA	NA	Up	NA	NA
NA	IRF6	NA	NA	Up	NA	NA
NA	TNFAIP3	NA	NA	Down	NA	NA
NA	ARG1	NA	NA	Up	NA	NA
NA	DUSP1	NA	NA	Down	NA	NA
NA	TGFBI	NA	NA	Up	NA	NA
NA	KDM3B	NA	NA	Down	NA	NA
NA	TNFRSF8	NA	NA	Up	NA	NA
NA	BICC1	NA	NA	Up	NA	NA
NA	BHLHE41	NA	NA	Down	NA	NA
NA	G0S2	NA	NA	Up	NA	NA
NA	HIF3A	NA	NA	Up	NA	NA
NA	MT1G	NA	NA	Up	NA	NA
NA	IL1B	NA	NA	Down	NA	NA
NA	PAX8	NA	NA	Down	NA	NA
NA	NR1D1	NA	NA	Down	NA	NA
NA	WNK4	NA	NA	Down	NA	NA
NA	OMD	NA	NA	Down	NA	NA
NA	MTUS1	NA	NA	Up	NA	NA
NA	FOXJ1	NA	NA	Up	NA	NA
NA	EPO	NA	NA	Up	NA	NA
NA	GDF15	NA	NA	Down	NA	NA
NA	MNX1	NA	NA	Up	NA	NA
NA	XAF1	NA	NA	Up	NA	NA
NA	ACTR3B	NA	NA	Down	NA	NA
NA	IRAK2	NA	NA	Down	NA	NA
NA	GLS2	NA	NA	Up	NA	NA
NA	TEC	NA	NA	Up	NA	NA
NA	THSD1	NA	NA	Down	NA	NA
NA	TBR1	NA	NA	Down	NA	NA
NA	GATA4	NA	NA	Up	NA	NA
NA	ALDOB	NA	NA	Up	NA	NA
NA	CCN3	NA	NA	Down	NA	NA
NA	IER3	NA	NA	Down	NA	NA
NA	ARRB1	NA	NA	Up	NA	NA
NA	FGF5	NA	NA	Down	NA	NA
NA	CDKL2	NA	NA	Down	NA	NA
NA	INHBE	NA	NA	Up	NA	NA
NA	MYLK3	NA	NA	Down	NA	NA
NA	MAPK4	NA	NA	Up	NA	NA
NA	TBX19	NA	NA	Down	NA	NA
NA	SELENBP1	NA	NA	Up	NA	NA
NA	DUSP10	NA	NA	Down	NA	NA
NA	LEFTY2	NA	NA	Up	NA	NA
NA	ACKR3	NA	NA	Up	NA	NA
NA	HES6	NA	NA	Up	NA	NA
NA	CSRNP1	NA	NA	Down	NA	NA
NA	ITGA9	NA	NA	Down	NA	NA
NA	AGTR1	NA	NA	Up	NA	NA
NA	TSLP	NA	NA	Down	NA	NA
NA	IGFBP3	NA	NA	Down	NA	NA
NA	IGFBP1	NA	NA	Up	NA	NA
NA	CDKN2B	NA	NA	Down	NA	NA
NA	A1CF	NA	NA	Up	NA	NA
NA	THRSP	NA	NA	Up	NA	NA
NA	RNF144A	NA	NA	Up	NA	NA
NA	HHEX	NA	NA	Up	NA	NA
NA	LMNTD1	NA	NA	Down	NA	NA
NA	FEZF2	NA	NA	Up	NA	NA
NA	ADAMTS1	NA	NA	Up	NA	NA
NA	EPHB1	NA	NA	Down	NA	NA
NA	PPARGC1B	NA	NA	Up	NA	NA
NA	SLC34A2	NA	NA	Up	NA	NA
NA	XDH	NA	NA	Up	NA	NA
NA	CCDC17	NA	NA	Down	NA	NA
NA	ALPL	NA	NA	Up	NA	NA
NA	GMPS	NA	NA	Up	NA	NA
NA	CXCL3	NA	NA	Down	NA	NA
NA	MST1R	NA	NA	Down	NA	NA
NA	HPGD	NA	NA	Up	NA	NA
NA	ZNF704	NA	NA	Up	NA	NA
NA	DLC1	NA	NA	Up	NA	NA
NA	NFIL3	NA	NA	Down	NA	NA
NA	ZMAT4	NA	NA	Up	NA	NA
NA	TSHR	NA	NA	Up	NA	NA
NA	GJB2	NA	NA	Up	NA	NA
NA	NDRG2	NA	NA	Up	NA	NA
NA	STAT6	NA	NA	Up	NA	NA
NA	SAMD14	NA	NA	Up	NA	NA
NA	IGF2	NA	NA	Up	NA	NA
NA	ONECUT1	NA	NA	Up	NA	NA
NA	CTNND2	NA	NA	Up	NA	NA
NA	FOXA3	NA	NA	Up	NA	NA
NA	IL16	NA	NA	Down	NA	NA
NA	CYP7B1	NA	NA	Up	NA	NA
NA	SAA1	NA	NA	Up	NA	NA
NA	JUN	NA	NA	Down	-3.183925	pHGG
NA	ZC3H12D	NA	NA	Down	NA	NA
NA	MAF	NA	NA	Up	NA	NA
NA	HES7	NA	NA	Up	NA	NA
NA	ZFPM1	NA	NA	Up	NA	NA
NA	ZBTB42	NA	NA	Up	NA	NA
NA	CITED4	NA	NA	Up	NA	NA
NA	GAS1	NA	NA	Up	NA	NA
NA	MUC16	NA	NA	Up	NA	NA
NA	TMPRSS2	NA	NA	Up	NA	NA
NA	MAFF	NA	NA	Down	NA	NA
NA	TMPRSS6	NA	NA	Up	NA	NA
NA	DMBT1	NA	NA	Down	NA	NA
NA	PLA2G2A	NA	NA	Up	NA	NA
NA	NKAIN2	NA	NA	Up	NA	NA
NA	STK40	NA	NA	Down	NA	NA
NA	ZNF418	NA	NA	Down	NA	NA
NA	SRC	NA	NA	Up	-3.28225	pHGG
NA	SERPINA1	NA	NA	Up	NA	NA
NA	TAT	NA	NA	Up	NA	NA
NA	SOX18	NA	NA	Up	NA	NA
NA	FOXD4L5	NA	NA	Down	NA	NA
NA	COL28A1	NA	NA	Up	NA	NA
NA	UBE2QL1	NA	NA	Up	NA	NA
NA	BCRP3	NA	NA	Down	NA	NA
NA	ZGLP1	NA	NA	Down	NA	NA
NA	ZNF469	NA	NA	Down	NA	NA
NA	LTA	NA	NA	Down	NA	NA
NA	LINC-PINT	NA	NA	Down	NA	NA
NA	POU5F2	NA	NA	Down	NA	NA
NA	FOXD4L6	NA	NA	Down	NA	NA
