sample_id	geneset	gsva_score
CTRL1	KEGG_ABC_TRANSPORTERS	-0.16497461928934132
CTRL2	KEGG_ABC_TRANSPORTERS	-0.6421319796954297
CTRL3	KEGG_ABC_TRANSPORTERS	-0.10659898477157503
Treated1	KEGG_ABC_TRANSPORTERS	-0.6243654822335011
Treated2	KEGG_ABC_TRANSPORTERS	-0.7994923857867973
Treated3	KEGG_ABC_TRANSPORTERS	-0.4822335025380737
CTRL1	KEGG_ACUTE_MYELOID_LEUKEMIA	0.23316876004586434
CTRL2	KEGG_ACUTE_MYELOID_LEUKEMIA	0.07197943444730148
CTRL3	KEGG_ACUTE_MYELOID_LEUKEMIA	0.481920289627341
Treated1	KEGG_ACUTE_MYELOID_LEUKEMIA	-0.16686308153558324
Treated2	KEGG_ACUTE_MYELOID_LEUKEMIA	-0.533793609988993
Treated3	KEGG_ACUTE_MYELOID_LEUKEMIA	-0.05372849136699823
CTRL1	KEGG_ADHERENS_JUNCTION	-0.12873245006921025
CTRL2	KEGG_ADHERENS_JUNCTION	0.14440894309602426
CTRL3	KEGG_ADHERENS_JUNCTION	0.3126861712979964
Treated1	KEGG_ADHERENS_JUNCTION	-0.4084631281818677
Treated2	KEGG_ADHERENS_JUNCTION	-0.27383767903048256
Treated3	KEGG_ADHERENS_JUNCTION	0.3026381927589713
CTRL1	KEGG_ADIPOCYTOKINE_SIGNALING_PATHWAY	-0.053435114503819436
CTRL2	KEGG_ADIPOCYTOKINE_SIGNALING_PATHWAY	0.4325699745547077
CTRL3	KEGG_ADIPOCYTOKINE_SIGNALING_PATHWAY	0.11704834605597697
Treated1	KEGG_ADIPOCYTOKINE_SIGNALING_PATHWAY	-0.3088077500843156
Treated2	KEGG_ADIPOCYTOKINE_SIGNALING_PATHWAY	-0.2849872773536952
Treated3	KEGG_ADIPOCYTOKINE_SIGNALING_PATHWAY	-0.3995435586684576
CTRL1	KEGG_ALANINE_ASPARTATE_AND_GLUTAMATE_METABOLISM	-0.265822784810132
CTRL2	KEGG_ALANINE_ASPARTATE_AND_GLUTAMATE_METABOLISM	0.9493670886075949
CTRL3	KEGG_ALANINE_ASPARTATE_AND_GLUTAMATE_METABOLISM	-0.6658227848101341
Treated1	KEGG_ALANINE_ASPARTATE_AND_GLUTAMATE_METABOLISM	-0.01265822784810533
Treated2	KEGG_ALANINE_ASPARTATE_AND_GLUTAMATE_METABOLISM	-0.6860759493670963
Treated3	KEGG_ALANINE_ASPARTATE_AND_GLUTAMATE_METABOLISM	0.35189873417721307
CTRL1	KEGG_ALDOSTERONE_REGULATED_SODIUM_REABSORPTION	-0.6759493670886152
CTRL2	KEGG_ALDOSTERONE_REGULATED_SODIUM_REABSORPTION	-0.6708860759493747
CTRL3	KEGG_ALDOSTERONE_REGULATED_SODIUM_REABSORPTION	-0.7265822784810205
Treated1	KEGG_ALDOSTERONE_REGULATED_SODIUM_REABSORPTION	0.2354430379746808
Treated2	KEGG_ALDOSTERONE_REGULATED_SODIUM_REABSORPTION	0.6303797468354424
Treated3	KEGG_ALDOSTERONE_REGULATED_SODIUM_REABSORPTION	0.8734177215189873
CTRL1	KEGG_ALZHEIMERS_DISEASE	-0.469082734257272
CTRL2	KEGG_ALZHEIMERS_DISEASE	0.7776106494190195
CTRL3	KEGG_ALZHEIMERS_DISEASE	-0.569974554707376
Treated1	KEGG_ALZHEIMERS_DISEASE	0.10941475826972091
Treated2	KEGG_ALZHEIMERS_DISEASE	0.38645375340544186
Treated3	KEGG_ALZHEIMERS_DISEASE	-0.32785820830043644
CTRL1	KEGG_AMINOACYL_TRNA_BIOSYNTHESIS	-1.0000000000000047
CTRL2	KEGG_AMINOACYL_TRNA_BIOSYNTHESIS	-0.7468354430379827
CTRL3	KEGG_AMINOACYL_TRNA_BIOSYNTHESIS	-0.7721518987341853
Treated1	KEGG_AMINOACYL_TRNA_BIOSYNTHESIS	0.8379746835443038
Treated2	KEGG_AMINOACYL_TRNA_BIOSYNTHESIS	0.42784810126582107
Treated3	KEGG_AMINOACYL_TRNA_BIOSYNTHESIS	0.9746835443037976
CTRL1	KEGG_AMYOTROPHIC_LATERAL_SCLEROSIS_ALS	-0.09693877551020383
CTRL2	KEGG_AMYOTROPHIC_LATERAL_SCLEROSIS_ALS	0.02292672794308498
CTRL3	KEGG_AMYOTROPHIC_LATERAL_SCLEROSIS_ALS	0.011783555292941728
Treated1	KEGG_AMYOTROPHIC_LATERAL_SCLEROSIS_ALS	-0.23324905183311587
Treated2	KEGG_AMYOTROPHIC_LATERAL_SCLEROSIS_ALS	-0.10631549917264121
Treated3	KEGG_AMYOTROPHIC_LATERAL_SCLEROSIS_ALS	0.7404720924514385
CTRL1	KEGG_ANTIGEN_PROCESSING_AND_PRESENTATION	-0.3426557679749618
CTRL2	KEGG_ANTIGEN_PROCESSING_AND_PRESENTATION	0.02029719629478627
CTRL3	KEGG_ANTIGEN_PROCESSING_AND_PRESENTATION	-0.5952675339569216
Treated1	KEGG_ANTIGEN_PROCESSING_AND_PRESENTATION	0.3820610687022902
Treated2	KEGG_ANTIGEN_PROCESSING_AND_PRESENTATION	0.17705339985543683
Treated3	KEGG_ANTIGEN_PROCESSING_AND_PRESENTATION	0.5359923664122138
CTRL1	KEGG_APOPTOSIS	0.0694237661979607
CTRL2	KEGG_APOPTOSIS	-0.015980070482440267
CTRL3	KEGG_APOPTOSIS	-0.5706719071682524
Treated1	KEGG_APOPTOSIS	-0.25826452267129907
Treated2	KEGG_APOPTOSIS	0.39928849510001474
Treated3	KEGG_APOPTOSIS	0.35436019827428045
CTRL1	KEGG_ARACHIDONIC_ACID_METABOLISM	0.8632911392405063
CTRL2	KEGG_ARACHIDONIC_ACID_METABOLISM	-0.36202531645570213
CTRL3	KEGG_ARACHIDONIC_ACID_METABOLISM	-0.5189873417721587
Treated1	KEGG_ARACHIDONIC_ACID_METABOLISM	0.4481012658227832
Treated2	KEGG_ARACHIDONIC_ACID_METABOLISM	-0.8987341772151987
Treated3	KEGG_ARACHIDONIC_ACID_METABOLISM	-0.2050632911392456
CTRL1	KEGG_ARRHYTHMOGENIC_RIGHT_VENTRICULAR_CARDIOMYOPATHY_ARVC	0.39787749022528424
CTRL2	KEGG_ARRHYTHMOGENIC_RIGHT_VENTRICULAR_CARDIOMYOPATHY_ARVC	0.07888040712468244
CTRL3	KEGG_ARRHYTHMOGENIC_RIGHT_VENTRICULAR_CARDIOMYOPATHY_ARVC	0.5638758926372813
Treated1	KEGG_ARRHYTHMOGENIC_RIGHT_VENTRICULAR_CARDIOMYOPATHY_ARVC	-0.6513994910941463
Treated2	KEGG_ARRHYTHMOGENIC_RIGHT_VENTRICULAR_CARDIOMYOPATHY_ARVC	0.21946564885496095
Treated3	KEGG_ARRHYTHMOGENIC_RIGHT_VENTRICULAR_CARDIOMYOPATHY_ARVC	-0.32205008561352044
CTRL1	KEGG_AXON_GUIDANCE	0.3509522977459409
CTRL2	KEGG_AXON_GUIDANCE	0.23756475355183054
CTRL3	KEGG_AXON_GUIDANCE	-0.5505525667187827
Treated1	KEGG_AXON_GUIDANCE	0.3059147300366947
Treated2	KEGG_AXON_GUIDANCE	-0.16470671880554416
Treated3	KEGG_AXON_GUIDANCE	0.009001723251807592
CTRL1	KEGG_B_CELL_RECEPTOR_SIGNALING_PATHWAY	-0.3308890357762466
CTRL2	KEGG_B_CELL_RECEPTOR_SIGNALING_PATHWAY	-0.04591836734693833
CTRL3	KEGG_B_CELL_RECEPTOR_SIGNALING_PATHWAY	-0.5400313971742446
Treated1	KEGG_B_CELL_RECEPTOR_SIGNALING_PATHWAY	0.34253246753246946
Treated2	KEGG_B_CELL_RECEPTOR_SIGNALING_PATHWAY	0.35492807438161655
Treated3	KEGG_B_CELL_RECEPTOR_SIGNALING_PATHWAY	0.2651747394236675
CTRL1	KEGG_BASAL_CELL_CARCINOMA	0.4186899778379692
CTRL2	KEGG_BASAL_CELL_CARCINOMA	-0.30181400311910556
CTRL3	KEGG_BASAL_CELL_CARCINOMA	0.8982188295165398
Treated1	KEGG_BASAL_CELL_CARCINOMA	0.12480083707878548
Treated2	KEGG_BASAL_CELL_CARCINOMA	-0.5663395129044051
Treated3	KEGG_BASAL_CELL_CARCINOMA	0.1424936386768444
CTRL1	KEGG_BASAL_TRANSCRIPTION_FACTORS	-0.6395939086294399
CTRL2	KEGG_BASAL_TRANSCRIPTION_FACTORS	-0.10659898477157503
CTRL3	KEGG_BASAL_TRANSCRIPTION_FACTORS	-0.6751269035532971
Treated1	KEGG_BASAL_TRANSCRIPTION_FACTORS	-0.5558375634517765
Treated2	KEGG_BASAL_TRANSCRIPTION_FACTORS	-0.8020304568527871
Treated3	KEGG_BASAL_TRANSCRIPTION_FACTORS	-0.3299492385786819
CTRL1	KEGG_BETA_ALANINE_METABOLISM	0.5341772151898723
CTRL2	KEGG_BETA_ALANINE_METABOLISM	-0.0835443037974728
CTRL3	KEGG_BETA_ALANINE_METABOLISM	0.6506329113924045
Treated1	KEGG_BETA_ALANINE_METABOLISM	0.14936708860759174
Treated2	KEGG_BETA_ALANINE_METABOLISM	-0.6506329113924125
Treated3	KEGG_BETA_ALANINE_METABOLISM	-0.24050632911392933
CTRL1	KEGG_BLADDER_CANCER	0.02295918367346994
CTRL2	KEGG_BLADDER_CANCER	0.3188775510204087
CTRL3	KEGG_BLADDER_CANCER	0.30014218802274995
Treated1	KEGG_BLADDER_CANCER	-0.5675469034876082
Treated2	KEGG_BLADDER_CANCER	-0.3674832528431143
Treated3	KEGG_BLADDER_CANCER	-0.08163265306122391
CTRL1	KEGG_CALCIUM_SIGNALING_PATHWAY	0.8128911354102193
CTRL2	KEGG_CALCIUM_SIGNALING_PATHWAY	-0.3103250546536287
CTRL3	KEGG_CALCIUM_SIGNALING_PATHWAY	-0.29812255003094923
Treated1	KEGG_CALCIUM_SIGNALING_PATHWAY	-0.6796971189362185
Treated2	KEGG_CALCIUM_SIGNALING_PATHWAY	-0.3379452926208664
Treated3	KEGG_CALCIUM_SIGNALING_PATHWAY	-0.06870229007633627
CTRL1	KEGG_CELL_CYCLE	0.08875932964595534
CTRL2	KEGG_CELL_CYCLE	-0.009167823137636477
CTRL3	KEGG_CELL_CYCLE	0.11996654563257197
Treated1	KEGG_CELL_CYCLE	-0.20834209257175593
Treated2	KEGG_CELL_CYCLE	0.03861353365173506
Treated3	KEGG_CELL_CYCLE	0.13297741390662063
CTRL1	KEGG_CHEMOKINE_SIGNALING_PATHWAY	-0.020460358056263783
CTRL2	KEGG_CHEMOKINE_SIGNALING_PATHWAY	0.5703324808184149
CTRL3	KEGG_CHEMOKINE_SIGNALING_PATHWAY	0.13220488992145182
Treated1	KEGG_CHEMOKINE_SIGNALING_PATHWAY	-0.3688708471317104
Treated2	KEGG_CHEMOKINE_SIGNALING_PATHWAY	-0.48559867207146523
Treated3	KEGG_CHEMOKINE_SIGNALING_PATHWAY	-0.2762148337595865
CTRL1	KEGG_CHRONIC_MYELOID_LEUKEMIA	-0.19677022369425867
CTRL2	KEGG_CHRONIC_MYELOID_LEUKEMIA	0.11619407044743676
CTRL3	KEGG_CHRONIC_MYELOID_LEUKEMIA	0.31096216198423243
Treated1	KEGG_CHRONIC_MYELOID_LEUKEMIA	6.756276225031721e-4
Treated2	KEGG_CHRONIC_MYELOID_LEUKEMIA	-0.22779490053236334
Treated3	KEGG_CHRONIC_MYELOID_LEUKEMIA	0.013751846329022543
CTRL1	KEGG_CIRCADIAN_RHYTHM_MAMMAL	-0.9544303797468445
CTRL2	KEGG_CIRCADIAN_RHYTHM_MAMMAL	-0.8582278481012744
CTRL3	KEGG_CIRCADIAN_RHYTHM_MAMMAL	-0.9189873417721608
Treated1	KEGG_CIRCADIAN_RHYTHM_MAMMAL	0.9544303797468354
Treated2	KEGG_CIRCADIAN_RHYTHM_MAMMAL	0.9898734177215189
Treated3	KEGG_CIRCADIAN_RHYTHM_MAMMAL	0.6303797468354424
CTRL1	KEGG_CITRATE_CYCLE_TCA_CYCLE	-0.01265822784810533
CTRL2	KEGG_CITRATE_CYCLE_TCA_CYCLE	0.8430379746835444
CTRL3	KEGG_CITRATE_CYCLE_TCA_CYCLE	-0.45822784810127226
Treated1	KEGG_CITRATE_CYCLE_TCA_CYCLE	-0.2810126582278536
Treated2	KEGG_CITRATE_CYCLE_TCA_CYCLE	-0.5443037974683613
Treated3	KEGG_CITRATE_CYCLE_TCA_CYCLE	0.10379746835442694
CTRL1	KEGG_COLORECTAL_CANCER	-0.6286689943598323
CTRL2	KEGG_COLORECTAL_CANCER	-0.3759249815263943
CTRL3	KEGG_COLORECTAL_CANCER	0.011290293034700305
Treated1	KEGG_COLORECTAL_CANCER	0.06564928600086214
Treated2	KEGG_COLORECTAL_CANCER	0.4771647206323966
Treated3	KEGG_COLORECTAL_CANCER	0.5844567057495754
CTRL1	KEGG_CYSTEINE_AND_METHIONINE_METABOLISM	-0.30980667458689126
CTRL2	KEGG_CYSTEINE_AND_METHIONINE_METABOLISM	0.6425115043408133
CTRL3	KEGG_CYSTEINE_AND_METHIONINE_METABOLISM	0.4770262423436423
Treated1	KEGG_CYSTEINE_AND_METHIONINE_METABOLISM	-0.04060913705583902
Treated2	KEGG_CYSTEINE_AND_METHIONINE_METABOLISM	-0.16181243238745222
Treated3	KEGG_CYSTEINE_AND_METHIONINE_METABOLISM	0.11240463235964573
CTRL1	KEGG_CYTOSOLIC_DNA_SENSING_PATHWAY	0.26145798485447586
CTRL2	KEGG_CYTOSOLIC_DNA_SENSING_PATHWAY	0.5209923664122138
CTRL3	KEGG_CYTOSOLIC_DNA_SENSING_PATHWAY	0.6184861793718847
Treated1	KEGG_CYTOSOLIC_DNA_SENSING_PATHWAY	0.3520414064307195
Treated2	KEGG_CYTOSOLIC_DNA_SENSING_PATHWAY	-0.5893765903307926
Treated3	KEGG_CYTOSOLIC_DNA_SENSING_PATHWAY	-0.6689294801890215
CTRL1	KEGG_DILATED_CARDIOMYOPATHY	0.6751269035532995
CTRL2	KEGG_DILATED_CARDIOMYOPATHY	0.355707230072712
CTRL3	KEGG_DILATED_CARDIOMYOPATHY	-0.30964467005075974
Treated1	KEGG_DILATED_CARDIOMYOPATHY	-0.6497461928933929
Treated2	KEGG_DILATED_CARDIOMYOPATHY	0.16751269035532856
Treated3	KEGG_DILATED_CARDIOMYOPATHY	-0.6446700507614127
CTRL1	KEGG_DNA_REPLICATION	-0.12405063291139706
CTRL2	KEGG_DNA_REPLICATION	0.13417721518987014
CTRL3	KEGG_DNA_REPLICATION	0.7012658227848099
Treated1	KEGG_DNA_REPLICATION	-0.45316455696203173
Treated2	KEGG_DNA_REPLICATION	-0.39746835443038586
Treated3	KEGG_DNA_REPLICATION	0.14936708860759174
CTRL1	KEGG_DORSO_VENTRAL_AXIS_FORMATION	0.47341772151898587
CTRL2	KEGG_DORSO_VENTRAL_AXIS_FORMATION	0.6405063291139235
CTRL3	KEGG_DORSO_VENTRAL_AXIS_FORMATION	-0.3113924050632968
Treated1	KEGG_DORSO_VENTRAL_AXIS_FORMATION	0.13417721518987014
Treated2	KEGG_DORSO_VENTRAL_AXIS_FORMATION	-0.19493670886076453
Treated3	KEGG_DORSO_VENTRAL_AXIS_FORMATION	-0.5088607594936776
CTRL1	KEGG_DRUG_METABOLISM_CYTOCHROME_P450	-0.95893159445734
CTRL2	KEGG_DRUG_METABOLISM_CYTOCHROME_P450	-0.8033466452916509
CTRL3	KEGG_DRUG_METABOLISM_CYTOCHROME_P450	-0.8098561952326657
Treated1	KEGG_DRUG_METABOLISM_CYTOCHROME_P450	-0.6586894706468762
Treated2	KEGG_DRUG_METABOLISM_CYTOCHROME_P450	-0.7360805228356987
Treated3	KEGG_DRUG_METABOLISM_CYTOCHROME_P450	-0.8059048299536415
CTRL1	KEGG_ECM_RECEPTOR_INTERACTION	0.3624196926218873
CTRL2	KEGG_ECM_RECEPTOR_INTERACTION	-0.4949147561608308
CTRL3	KEGG_ECM_RECEPTOR_INTERACTION	-0.08152641105457104
Treated1	KEGG_ECM_RECEPTOR_INTERACTION	0.07718414762448039
Treated2	KEGG_ECM_RECEPTOR_INTERACTION	-0.11535546957541654
Treated3	KEGG_ECM_RECEPTOR_INTERACTION	0.05928952273614049
CTRL1	KEGG_ENDOCYTOSIS	0.14670418913127076
CTRL2	KEGG_ENDOCYTOSIS	0.18817576062358807
CTRL3	KEGG_ENDOCYTOSIS	-0.5401384045216475
Treated1	KEGG_ENDOCYTOSIS	0.16666666666666818
Treated2	KEGG_ENDOCYTOSIS	-0.2313432835820878
Treated3	KEGG_ENDOCYTOSIS	-0.07407845371574645
CTRL1	KEGG_ENDOMETRIAL_CANCER	-0.5492448191078283
CTRL2	KEGG_ENDOMETRIAL_CANCER	-0.1545334390695201
CTRL3	KEGG_ENDOMETRIAL_CANCER	0.2427253987197593
Treated1	KEGG_ENDOMETRIAL_CANCER	-0.28213762811127246
Treated2	KEGG_ENDOMETRIAL_CANCER	0.21893837156995102
Treated3	KEGG_ENDOMETRIAL_CANCER	0.4279805352798065
CTRL1	KEGG_EPITHELIAL_CELL_SIGNALING_IN_HELICOBACTER_PYLORI_INFECTION	0.09137055837563296
CTRL2	KEGG_EPITHELIAL_CELL_SIGNALING_IN_HELICOBACTER_PYLORI_INFECTION	0.7458387439499469
CTRL3	KEGG_EPITHELIAL_CELL_SIGNALING_IN_HELICOBACTER_PYLORI_INFECTION	0.30999717992103704
Treated1	KEGG_EPITHELIAL_CELL_SIGNALING_IN_HELICOBACTER_PYLORI_INFECTION	0.06345177664974494
Treated2	KEGG_EPITHELIAL_CELL_SIGNALING_IN_HELICOBACTER_PYLORI_INFECTION	-0.7284263959390767
Treated3	KEGG_EPITHELIAL_CELL_SIGNALING_IN_HELICOBACTER_PYLORI_INFECTION	0.04822335025380542
CTRL1	KEGG_ERBB_SIGNALING_PATHWAY	-0.25384615384614995
CTRL2	KEGG_ERBB_SIGNALING_PATHWAY	0.00892440892441182
CTRL3	KEGG_ERBB_SIGNALING_PATHWAY	-0.15717187103325636
Treated1	KEGG_ERBB_SIGNALING_PATHWAY	0.0308842628668973
Treated2	KEGG_ERBB_SIGNALING_PATHWAY	-0.10192307692307565
Treated3	KEGG_ERBB_SIGNALING_PATHWAY	0.09908187051044232
CTRL1	KEGG_ETHER_LIPID_METABOLISM	0.9088607594936708
CTRL2	KEGG_ETHER_LIPID_METABOLISM	-0.37721518987342373
CTRL3	KEGG_ETHER_LIPID_METABOLISM	-0.6860759493670963
Treated1	KEGG_ETHER_LIPID_METABOLISM	0.7012658227848099
Treated2	KEGG_ETHER_LIPID_METABOLISM	-0.9544303797468445
Treated3	KEGG_ETHER_LIPID_METABOLISM	-0.5848101265822856
CTRL1	KEGG_FATTY_ACID_METABOLISM	0.5341772151898723
CTRL2	KEGG_FATTY_ACID_METABOLISM	-0.0835443037974728
CTRL3	KEGG_FATTY_ACID_METABOLISM	0.6506329113924045
Treated1	KEGG_FATTY_ACID_METABOLISM	0.14936708860759174
Treated2	KEGG_FATTY_ACID_METABOLISM	-0.6506329113924125
Treated3	KEGG_FATTY_ACID_METABOLISM	-0.24050632911392933
CTRL1	KEGG_FC_EPSILON_RI_SIGNALING_PATHWAY	0.1658163265306129
CTRL2	KEGG_FC_EPSILON_RI_SIGNALING_PATHWAY	0.31955782312925207
CTRL3	KEGG_FC_EPSILON_RI_SIGNALING_PATHWAY	0.43933463796477484
Treated1	KEGG_FC_EPSILON_RI_SIGNALING_PATHWAY	-0.34315339038840614
Treated2	KEGG_FC_EPSILON_RI_SIGNALING_PATHWAY	-0.603847789115636
Treated3	KEGG_FC_EPSILON_RI_SIGNALING_PATHWAY	-0.06632653061224314
CTRL1	KEGG_FC_GAMMA_R_MEDIATED_PHAGOCYTOSIS	0.562708719851577
CTRL2	KEGG_FC_GAMMA_R_MEDIATED_PHAGOCYTOSIS	0.4363917698226856
CTRL3	KEGG_FC_GAMMA_R_MEDIATED_PHAGOCYTOSIS	-0.3913778529163067
Treated1	KEGG_FC_GAMMA_R_MEDIATED_PHAGOCYTOSIS	0.07567335877440384
Treated2	KEGG_FC_GAMMA_R_MEDIATED_PHAGOCYTOSIS	-0.7362000933429385
Treated3	KEGG_FC_GAMMA_R_MEDIATED_PHAGOCYTOSIS	-0.22214561500275132
CTRL1	KEGG_FOCAL_ADHESION	0.3568170660954165
CTRL2	KEGG_FOCAL_ADHESION	0.033864391422530615
CTRL3	KEGG_FOCAL_ADHESION	0.02766554433221058
Treated1	KEGG_FOCAL_ADHESION	-0.184103721635208
Treated2	KEGG_FOCAL_ADHESION	-0.29583814761750726
Treated3	KEGG_FOCAL_ADHESION	-0.15844155844155866
CTRL1	KEGG_FRUCTOSE_AND_MANNOSE_METABOLISM	0.01772151898733787
CTRL2	KEGG_FRUCTOSE_AND_MANNOSE_METABOLISM	0.45316455696202373
CTRL3	KEGG_FRUCTOSE_AND_MANNOSE_METABOLISM	0.0531645569620216
Treated1	KEGG_FRUCTOSE_AND_MANNOSE_METABOLISM	-0.37721518987342373
Treated2	KEGG_FRUCTOSE_AND_MANNOSE_METABOLISM	-0.45316455696203173
Treated3	KEGG_FRUCTOSE_AND_MANNOSE_METABOLISM	0.0531645569620216
CTRL1	KEGG_GALACTOSE_METABOLISM	0.01772151898733787
CTRL2	KEGG_GALACTOSE_METABOLISM	0.45316455696202373
CTRL3	KEGG_GALACTOSE_METABOLISM	0.0531645569620216
Treated1	KEGG_GALACTOSE_METABOLISM	-0.37721518987342373
Treated2	KEGG_GALACTOSE_METABOLISM	-0.45316455696203173
Treated3	KEGG_GALACTOSE_METABOLISM	0.0531645569620216
CTRL1	KEGG_GAP_JUNCTION	0.39936548223350254
CTRL2	KEGG_GAP_JUNCTION	0.08121827411167354
CTRL3	KEGG_GAP_JUNCTION	0.4670050761421315
Treated1	KEGG_GAP_JUNCTION	-0.411167512690353
Treated2	KEGG_GAP_JUNCTION	-0.3883248730964447
Treated3	KEGG_GAP_JUNCTION	-0.025380710659899552
CTRL1	KEGG_GLIOMA	-0.06615776081425384
CTRL2	KEGG_GLIOMA	0.4376590330788811
CTRL3	KEGG_GLIOMA	0.18022846624438232
Treated1	KEGG_GLIOMA	-0.4198473282442745
Treated2	KEGG_GLIOMA	-0.42919756017385585
Treated3	KEGG_GLIOMA	-0.06615776081425068
CTRL1	KEGG_GLUTATHIONE_METABOLISM	0.6032039026962884
CTRL2	KEGG_GLUTATHIONE_METABOLISM	0.2602629181309384
CTRL3	KEGG_GLUTATHIONE_METABOLISM	-0.3426395939086282
Treated1	KEGG_GLUTATHIONE_METABOLISM	0.12094293185663685
Treated2	KEGG_GLUTATHIONE_METABOLISM	-0.6878172588832399
Treated3	KEGG_GLUTATHIONE_METABOLISM	-0.18527918781725755
CTRL1	KEGG_GLYCEROLIPID_METABOLISM	0.01772151898733787
CTRL2	KEGG_GLYCEROLIPID_METABOLISM	0.45316455696202373
CTRL3	KEGG_GLYCEROLIPID_METABOLISM	0.0531645569620216
Treated1	KEGG_GLYCEROLIPID_METABOLISM	-0.37721518987342373
Treated2	KEGG_GLYCEROLIPID_METABOLISM	-0.45316455696203173
Treated3	KEGG_GLYCEROLIPID_METABOLISM	0.0531645569620216
CTRL1	KEGG_GLYCEROPHOSPHOLIPID_METABOLISM	0.6117544416243654
CTRL2	KEGG_GLYCEROPHOSPHOLIPID_METABOLISM	-0.6091370558375564
CTRL3	KEGG_GLYCEROPHOSPHOLIPID_METABOLISM	-0.6319796954314632
Treated1	KEGG_GLYCEROPHOSPHOLIPID_METABOLISM	0.04105868469852131
Treated2	KEGG_GLYCEROPHOSPHOLIPID_METABOLISM	-0.17677960099161938
Treated3	KEGG_GLYCEROPHOSPHOLIPID_METABOLISM	0.27531149053991594
CTRL1	KEGG_GLYCOSAMINOGLYCAN_BIOSYNTHESIS_KERATAN_SULFATE	-0.08860759493671333
CTRL2	KEGG_GLYCOSAMINOGLYCAN_BIOSYNTHESIS_KERATAN_SULFATE	0.44303797468354267
CTRL3	KEGG_GLYCOSAMINOGLYCAN_BIOSYNTHESIS_KERATAN_SULFATE	0.01772151898733787
Treated1	KEGG_GLYCOSAMINOGLYCAN_BIOSYNTHESIS_KERATAN_SULFATE	-0.5037974683544371
Treated2	KEGG_GLYCOSAMINOGLYCAN_BIOSYNTHESIS_KERATAN_SULFATE	-0.49873417721519653
Treated3	KEGG_GLYCOSAMINOGLYCAN_BIOSYNTHESIS_KERATAN_SULFATE	0.1443037974683512
CTRL1	KEGG_GNRH_SIGNALING_PATHWAY	0.6339540089540103
CTRL2	KEGG_GNRH_SIGNALING_PATHWAY	-0.035714285714284366
CTRL3	KEGG_GNRH_SIGNALING_PATHWAY	0.27806122448979975
Treated1	KEGG_GNRH_SIGNALING_PATHWAY	0.06254501800720236
Treated2	KEGG_GNRH_SIGNALING_PATHWAY	-0.6781601529500573
Treated3	KEGG_GNRH_SIGNALING_PATHWAY	-0.16581632653060996
CTRL1	KEGG_HEDGEHOG_SIGNALING_PATHWAY	0.29103214890016854
CTRL2	KEGG_HEDGEHOG_SIGNALING_PATHWAY	-0.5964467005076067
CTRL3	KEGG_HEDGEHOG_SIGNALING_PATHWAY	0.8613495628139368
Treated1	KEGG_HEDGEHOG_SIGNALING_PATHWAY	0.35328206357159997
Treated2	KEGG_HEDGEHOG_SIGNALING_PATHWAY	-0.37250474915138043
Treated3	KEGG_HEDGEHOG_SIGNALING_PATHWAY	0.48632716554773237
CTRL1	KEGG_HEMATOPOIETIC_CELL_LINEAGE	-0.6810126582278557
CTRL2	KEGG_HEMATOPOIETIC_CELL_LINEAGE	-0.5797468354430451
CTRL3	KEGG_HEMATOPOIETIC_CELL_LINEAGE	-0.21518987341772666
Treated1	KEGG_HEMATOPOIETIC_CELL_LINEAGE	0.25569620253164294
Treated2	KEGG_HEMATOPOIETIC_CELL_LINEAGE	0.49873417721518853
Treated3	KEGG_HEMATOPOIETIC_CELL_LINEAGE	0.7873417721518987
CTRL1	KEGG_HOMOLOGOUS_RECOMBINATION	0.13905390982137533
CTRL2	KEGG_HOMOLOGOUS_RECOMBINATION	-0.2729407580583567
CTRL3	KEGG_HOMOLOGOUS_RECOMBINATION	0.19014345230243182
Treated1	KEGG_HOMOLOGOUS_RECOMBINATION	-0.5018272435152246
Treated2	KEGG_HOMOLOGOUS_RECOMBINATION	0.5878999604606587
Treated3	KEGG_HOMOLOGOUS_RECOMBINATION	0.35406275756005123
CTRL1	KEGG_HUNTINGTONS_DISEASE	-0.21077005923532474
CTRL2	KEGG_HUNTINGTONS_DISEASE	0.4469692504175282
CTRL3	KEGG_HUNTINGTONS_DISEASE	-0.24203958272399198
Treated1	KEGG_HUNTINGTONS_DISEASE	0.14432234432234428
Treated2	KEGG_HUNTINGTONS_DISEASE	0.06001003216193229
Treated3	KEGG_HUNTINGTONS_DISEASE	0.3800366300366328
CTRL1	KEGG_HYPERTROPHIC_CARDIOMYOPATHY_HCM	0.6751269035532995
CTRL2	KEGG_HYPERTROPHIC_CARDIOMYOPATHY_HCM	0.355707230072712
CTRL3	KEGG_HYPERTROPHIC_CARDIOMYOPATHY_HCM	-0.30964467005075974
Treated1	KEGG_HYPERTROPHIC_CARDIOMYOPATHY_HCM	-0.6497461928933929
Treated2	KEGG_HYPERTROPHIC_CARDIOMYOPATHY_HCM	0.16751269035532856
Treated3	KEGG_HYPERTROPHIC_CARDIOMYOPATHY_HCM	-0.6446700507614127
CTRL1	KEGG_INOSITOL_PHOSPHATE_METABOLISM	0.9645569620253165
CTRL2	KEGG_INOSITOL_PHOSPHATE_METABOLISM	-0.6050632911392477
CTRL3	KEGG_INOSITOL_PHOSPHATE_METABOLISM	-0.45316455696203173
Treated1	KEGG_INOSITOL_PHOSPHATE_METABOLISM	-0.7012658227848179
Treated2	KEGG_INOSITOL_PHOSPHATE_METABOLISM	-0.4481012658227912
Treated3	KEGG_INOSITOL_PHOSPHATE_METABOLISM	0.10886075949366747
CTRL1	KEGG_INSULIN_SIGNALING_PATHWAY	-0.7353669127225222
CTRL2	KEGG_INSULIN_SIGNALING_PATHWAY	-0.1816908110394416
CTRL3	KEGG_INSULIN_SIGNALING_PATHWAY	-0.20671472342288089
Treated1	KEGG_INSULIN_SIGNALING_PATHWAY	0.22694174757281577
Treated2	KEGG_INSULIN_SIGNALING_PATHWAY	0.4584329227186397
Treated3	KEGG_INSULIN_SIGNALING_PATHWAY	-0.03144623233909011
CTRL1	KEGG_JAK_STAT_SIGNALING_PATHWAY	0.1715245504142272
CTRL2	KEGG_JAK_STAT_SIGNALING_PATHWAY	0.39795918367346916
CTRL3	KEGG_JAK_STAT_SIGNALING_PATHWAY	0.2945269016697599
Treated1	KEGG_JAK_STAT_SIGNALING_PATHWAY	-0.0867346938775509
Treated2	KEGG_JAK_STAT_SIGNALING_PATHWAY	-0.419683257918544
Treated3	KEGG_JAK_STAT_SIGNALING_PATHWAY	-0.5639438516523256
CTRL1	KEGG_LEISHMANIA_INFECTION	0.03307888040712115
CTRL2	KEGG_LEISHMANIA_INFECTION	0.3832749343010869
CTRL3	KEGG_LEISHMANIA_INFECTION	0.4337775477638332
Treated1	KEGG_LEISHMANIA_INFECTION	-0.19517543859649755
Treated2	KEGG_LEISHMANIA_INFECTION	-0.25096680902579843
Treated3	KEGG_LEISHMANIA_INFECTION	-0.48848323929638937
CTRL1	KEGG_LEUKOCYTE_TRANSENDOTHELIAL_MIGRATION	0.18986568986568964
CTRL2	KEGG_LEUKOCYTE_TRANSENDOTHELIAL_MIGRATION	0.4064625850340157
CTRL3	KEGG_LEUKOCYTE_TRANSENDOTHELIAL_MIGRATION	0.44985067197610845
Treated1	KEGG_LEUKOCYTE_TRANSENDOTHELIAL_MIGRATION	-0.29730983302411584
Treated2	KEGG_LEUKOCYTE_TRANSENDOTHELIAL_MIGRATION	-0.5968148128816638
Treated3	KEGG_LEUKOCYTE_TRANSENDOTHELIAL_MIGRATION	-0.09438775510203934
CTRL1	KEGG_LONG_TERM_DEPRESSION	-0.18481012658228346
CTRL2	KEGG_LONG_TERM_DEPRESSION	0.30632911392404827
CTRL3	KEGG_LONG_TERM_DEPRESSION	0.33670886075949147
Treated1	KEGG_LONG_TERM_DEPRESSION	-0.2354430379746888
Treated2	KEGG_LONG_TERM_DEPRESSION	-0.569620253164564
Treated3	KEGG_LONG_TERM_DEPRESSION	0.25569620253164294
CTRL1	KEGG_LONG_TERM_POTENTIATION	-0.18481012658228346
CTRL2	KEGG_LONG_TERM_POTENTIATION	0.30632911392404827
CTRL3	KEGG_LONG_TERM_POTENTIATION	0.33670886075949147
Treated1	KEGG_LONG_TERM_POTENTIATION	-0.2354430379746888
Treated2	KEGG_LONG_TERM_POTENTIATION	-0.569620253164564
Treated3	KEGG_LONG_TERM_POTENTIATION	0.25569620253164294
CTRL1	KEGG_LYSOSOME	0.5969984550871772
CTRL2	KEGG_LYSOSOME	0.7559958075587251
CTRL3	KEGG_LYSOSOME	-0.4770949488225016
Treated1	KEGG_LYSOSOME	-0.038174660727235965
Treated2	KEGG_LYSOSOME	-0.6881624365482113
Treated3	KEGG_LYSOSOME	-0.22769375686849358
CTRL1	KEGG_MAPK_SIGNALING_PATHWAY	-0.016017797552835833
CTRL2	KEGG_MAPK_SIGNALING_PATHWAY	-0.10458751603497063
CTRL3	KEGG_MAPK_SIGNALING_PATHWAY	-0.35781325262462943
Treated1	KEGG_MAPK_SIGNALING_PATHWAY	0.07380860131731934
Treated2	KEGG_MAPK_SIGNALING_PATHWAY	-0.011647953249732612
Treated3	KEGG_MAPK_SIGNALING_PATHWAY	0.14322811352657758
CTRL1	KEGG_MELANOGENESIS	-0.3527918781725876
CTRL2	KEGG_MELANOGENESIS	-0.05837563451776784
CTRL3	KEGG_MELANOGENESIS	0.6925959708121827
Treated1	KEGG_MELANOGENESIS	-0.4238578680203018
Treated2	KEGG_MELANOGENESIS	-0.2012962803636491
Treated3	KEGG_MELANOGENESIS	0.4314720812182735
CTRL1	KEGG_MELANOMA	-0.05897435897435743
CTRL2	KEGG_MELANOMA	0.12854776997316023
CTRL3	KEGG_MELANOMA	-0.38034986820033395
Treated1	KEGG_MELANOMA	-0.598147035256406
Treated2	KEGG_MELANOMA	-0.5614242193450074
Treated3	KEGG_MELANOMA	-0.21671278361925655
CTRL1	KEGG_METABOLISM_OF_XENOBIOTICS_BY_CYTOCHROME_P450	0.30126582278480774
CTRL2	KEGG_METABOLISM_OF_XENOBIOTICS_BY_CYTOCHROME_P450	0.6253164556962019
CTRL3	KEGG_METABOLISM_OF_XENOBIOTICS_BY_CYTOCHROME_P450	-0.16455696202532133
Treated1	KEGG_METABOLISM_OF_XENOBIOTICS_BY_CYTOCHROME_P450	-0.2202531645569672
Treated2	KEGG_METABOLISM_OF_XENOBIOTICS_BY_CYTOCHROME_P450	-0.47341772151899386
Treated3	KEGG_METABOLISM_OF_XENOBIOTICS_BY_CYTOCHROME_P450	-0.16455696202532133
CTRL1	KEGG_MISMATCH_REPAIR	-0.8579152402313631
CTRL2	KEGG_MISMATCH_REPAIR	-0.6794778825235605
CTRL3	KEGG_MISMATCH_REPAIR	-0.18698215162927911
Treated1	KEGG_MISMATCH_REPAIR	0.44967688010926965
Treated2	KEGG_MISMATCH_REPAIR	0.6498228139067138
Treated3	KEGG_MISMATCH_REPAIR	0.7657722987672225
CTRL1	KEGG_MTOR_SIGNALING_PATHWAY	-0.6105442176870611
CTRL2	KEGG_MTOR_SIGNALING_PATHWAY	0.04603508069894652
CTRL3	KEGG_MTOR_SIGNALING_PATHWAY	-0.6636350192250686
Treated1	KEGG_MTOR_SIGNALING_PATHWAY	0.002204279770160855
Treated2	KEGG_MTOR_SIGNALING_PATHWAY	0.40029068007025026
Treated3	KEGG_MTOR_SIGNALING_PATHWAY	0.10817294397433644
CTRL1	KEGG_N_GLYCAN_BIOSYNTHESIS	-0.08860759493671333
CTRL2	KEGG_N_GLYCAN_BIOSYNTHESIS	0.44303797468354267
CTRL3	KEGG_N_GLYCAN_BIOSYNTHESIS	0.01772151898733787
Treated1	KEGG_N_GLYCAN_BIOSYNTHESIS	-0.5037974683544371
Treated2	KEGG_N_GLYCAN_BIOSYNTHESIS	-0.49873417721519653
Treated3	KEGG_N_GLYCAN_BIOSYNTHESIS	0.1443037974683512
CTRL1	KEGG_NATURAL_KILLER_CELL_MEDIATED_CYTOTOXICITY	0.09755206430398375
CTRL2	KEGG_NATURAL_KILLER_CELL_MEDIATED_CYTOTOXICITY	-0.01144621917675781
CTRL3	KEGG_NATURAL_KILLER_CELL_MEDIATED_CYTOTOXICITY	-0.47061955216868734
Treated1	KEGG_NATURAL_KILLER_CELL_MEDIATED_CYTOTOXICITY	0.5336571745710252
Treated2	KEGG_NATURAL_KILLER_CELL_MEDIATED_CYTOTOXICITY	-0.22597145450045178
Treated3	KEGG_NATURAL_KILLER_CELL_MEDIATED_CYTOTOXICITY	0.07299520598753562
CTRL1	KEGG_NEUROACTIVE_LIGAND_RECEPTOR_INTERACTION	0.9493670886075949
CTRL2	KEGG_NEUROACTIVE_LIGAND_RECEPTOR_INTERACTION	-0.31645569620253733
CTRL3	KEGG_NEUROACTIVE_LIGAND_RECEPTOR_INTERACTION	-0.7367088607595016
Treated1	KEGG_NEUROACTIVE_LIGAND_RECEPTOR_INTERACTION	-0.26075949367089146
Treated2	KEGG_NEUROACTIVE_LIGAND_RECEPTOR_INTERACTION	-0.017721518987345863
Treated3	KEGG_NEUROACTIVE_LIGAND_RECEPTOR_INTERACTION	-0.5291139240506397
CTRL1	KEGG_NEUROTROPHIN_SIGNALING_PATHWAY	0.2540352352158145
CTRL2	KEGG_NEUROTROPHIN_SIGNALING_PATHWAY	0.28780348471865025
CTRL3	KEGG_NEUROTROPHIN_SIGNALING_PATHWAY	-0.07260836094194562
Treated1	KEGG_NEUROTROPHIN_SIGNALING_PATHWAY	-0.3377592030331166
Treated2	KEGG_NEUROTROPHIN_SIGNALING_PATHWAY	-0.17654736009491961
Treated3	KEGG_NEUROTROPHIN_SIGNALING_PATHWAY	0.31906723601983317
CTRL1	KEGG_NITROGEN_METABOLISM	-0.265822784810132
CTRL2	KEGG_NITROGEN_METABOLISM	0.9493670886075949
CTRL3	KEGG_NITROGEN_METABOLISM	-0.6658227848101341
Treated1	KEGG_NITROGEN_METABOLISM	-0.01265822784810533
Treated2	KEGG_NITROGEN_METABOLISM	-0.6860759493670963
Treated3	KEGG_NITROGEN_METABOLISM	0.35189873417721307
CTRL1	KEGG_NOD_LIKE_RECEPTOR_SIGNALING_PATHWAY	-0.32587548638131913
CTRL2	KEGG_NOD_LIKE_RECEPTOR_SIGNALING_PATHWAY	0.27834467120181505
CTRL3	KEGG_NOD_LIKE_RECEPTOR_SIGNALING_PATHWAY	0.1059907834101384
Treated1	KEGG_NOD_LIKE_RECEPTOR_SIGNALING_PATHWAY	-0.005102040816327369
Treated2	KEGG_NOD_LIKE_RECEPTOR_SIGNALING_PATHWAY	-0.09840297065571718
Treated3	KEGG_NOD_LIKE_RECEPTOR_SIGNALING_PATHWAY	0.0739795918367383
CTRL1	KEGG_NON_HOMOLOGOUS_END_JOINING	-0.5341772151898803
CTRL2	KEGG_NON_HOMOLOGOUS_END_JOINING	-0.43797468354431013
CTRL3	KEGG_NON_HOMOLOGOUS_END_JOINING	0.9999999999999953
Treated1	KEGG_NON_HOMOLOGOUS_END_JOINING	-0.42278481012658853
Treated2	KEGG_NON_HOMOLOGOUS_END_JOINING	0.8075949367088608
Treated3	KEGG_NON_HOMOLOGOUS_END_JOINING	0.012658227848097336
CTRL1	KEGG_NON_SMALL_CELL_LUNG_CANCER	-0.17720855465473256
CTRL2	KEGG_NON_SMALL_CELL_LUNG_CANCER	0.36479591836734715
CTRL3	KEGG_NON_SMALL_CELL_LUNG_CANCER	0.3153061224489794
Treated1	KEGG_NON_SMALL_CELL_LUNG_CANCER	-0.635699644096038
Treated2	KEGG_NON_SMALL_CELL_LUNG_CANCER	-0.3674832528431143
Treated3	KEGG_NON_SMALL_CELL_LUNG_CANCER	0.015931273695249493
CTRL1	KEGG_NOTCH_SIGNALING_PATHWAY	0.06066427379808975
CTRL2	KEGG_NOTCH_SIGNALING_PATHWAY	0.29889601897752527
CTRL3	KEGG_NOTCH_SIGNALING_PATHWAY	0.5037840668286656
Treated1	KEGG_NOTCH_SIGNALING_PATHWAY	-0.32254574819826226
Treated2	KEGG_NOTCH_SIGNALING_PATHWAY	-0.23575216898126972
Treated3	KEGG_NOTCH_SIGNALING_PATHWAY	0.010774981936984618
CTRL1	KEGG_NUCLEOTIDE_EXCISION_REPAIR	0.5021336243683138
CTRL2	KEGG_NUCLEOTIDE_EXCISION_REPAIR	0.07456757668461805
CTRL3	KEGG_NUCLEOTIDE_EXCISION_REPAIR	0.1755379089340421
Treated1	KEGG_NUCLEOTIDE_EXCISION_REPAIR	-0.6272493573264886
Treated2	KEGG_NUCLEOTIDE_EXCISION_REPAIR	-0.2667041826002799
Treated3	KEGG_NUCLEOTIDE_EXCISION_REPAIR	-0.5683275489244362
CTRL1	KEGG_OOCYTE_MEIOSIS	-0.02831034032146501
CTRL2	KEGG_OOCYTE_MEIOSIS	-0.50210464620631
CTRL3	KEGG_OOCYTE_MEIOSIS	0.6127382229188995
Treated1	KEGG_OOCYTE_MEIOSIS	-0.20391694908847732
Treated2	KEGG_OOCYTE_MEIOSIS	0.13952181663179195
Treated3	KEGG_OOCYTE_MEIOSIS	0.3300369423131575
CTRL1	KEGG_OXIDATIVE_PHOSPHORYLATION	-0.01265822784810533
CTRL2	KEGG_OXIDATIVE_PHOSPHORYLATION	0.8430379746835444
CTRL3	KEGG_OXIDATIVE_PHOSPHORYLATION	-0.45822784810127226
Treated1	KEGG_OXIDATIVE_PHOSPHORYLATION	-0.2810126582278536
Treated2	KEGG_OXIDATIVE_PHOSPHORYLATION	-0.5443037974683613
Treated3	KEGG_OXIDATIVE_PHOSPHORYLATION	0.10379746835442694
CTRL1	KEGG_P53_SIGNALING_PATHWAY	0.019138455208358662
CTRL2	KEGG_P53_SIGNALING_PATHWAY	0.0737829036072119
CTRL3	KEGG_P53_SIGNALING_PATHWAY	-0.6087271834694468
Treated1	KEGG_P53_SIGNALING_PATHWAY	-0.24608716026241617
Treated2	KEGG_P53_SIGNALING_PATHWAY	0.5585501746413509
Treated3	KEGG_P53_SIGNALING_PATHWAY	0.18504232901771264
CTRL1	KEGG_PANCREATIC_CANCER	-0.011196402819702023
CTRL2	KEGG_PANCREATIC_CANCER	-0.02971001432379322
CTRL3	KEGG_PANCREATIC_CANCER	-0.09511568123393252
Treated1	KEGG_PANCREATIC_CANCER	-0.11088078661875317
Treated2	KEGG_PANCREATIC_CANCER	-0.38892270872540424
Treated3	KEGG_PANCREATIC_CANCER	0.14080154146257734
CTRL1	KEGG_PARKINSONS_DISEASE	-0.2326718966312855
CTRL2	KEGG_PARKINSONS_DISEASE	0.8908629441624364
CTRL3	KEGG_PARKINSONS_DISEASE	-0.5456852791878106
Treated1	KEGG_PARKINSONS_DISEASE	0.32388606880992654
Treated2	KEGG_PARKINSONS_DISEASE	-0.7690355329949129
Treated3	KEGG_PARKINSONS_DISEASE	0.23096446700507495
CTRL1	KEGG_PATHOGENIC_ESCHERICHIA_COLI_INFECTION	0.0284524635669664
CTRL2	KEGG_PATHOGENIC_ESCHERICHIA_COLI_INFECTION	-0.07005244846029984
CTRL3	KEGG_PATHOGENIC_ESCHERICHIA_COLI_INFECTION	-0.3375176703420992
Treated1	KEGG_PATHOGENIC_ESCHERICHIA_COLI_INFECTION	-0.5601922533220264
Treated2	KEGG_PATHOGENIC_ESCHERICHIA_COLI_INFECTION	-0.7557251908396933
Treated3	KEGG_PATHOGENIC_ESCHERICHIA_COLI_INFECTION	-0.37425784563189435
CTRL1	KEGG_PATHWAYS_IN_CANCER	-0.034278131038267434
CTRL2	KEGG_PATHWAYS_IN_CANCER	-0.20456932160276178
CTRL3	KEGG_PATHWAYS_IN_CANCER	0.0829254166191346
Treated1	KEGG_PATHWAYS_IN_CANCER	0.07133298021740994
Treated2	KEGG_PATHWAYS_IN_CANCER	-0.030145601792020832
Treated3	KEGG_PATHWAYS_IN_CANCER	0.22621387075952265
CTRL1	KEGG_PENTOSE_AND_GLUCURONATE_INTERCONVERSIONS	0.01772151898733787
CTRL2	KEGG_PENTOSE_AND_GLUCURONATE_INTERCONVERSIONS	0.45316455696202373
CTRL3	KEGG_PENTOSE_AND_GLUCURONATE_INTERCONVERSIONS	0.0531645569620216
Treated1	KEGG_PENTOSE_AND_GLUCURONATE_INTERCONVERSIONS	-0.37721518987342373
Treated2	KEGG_PENTOSE_AND_GLUCURONATE_INTERCONVERSIONS	-0.45316455696203173
Treated3	KEGG_PENTOSE_AND_GLUCURONATE_INTERCONVERSIONS	0.0531645569620216
CTRL1	KEGG_PEROXISOME	0.7620253164556963
CTRL2	KEGG_PEROXISOME	-0.113924050632916
CTRL3	KEGG_PEROXISOME	-0.4329113924050696
Treated1	KEGG_PEROXISOME	0.5189873417721507
Treated2	KEGG_PEROXISOME	-0.9291139240506419
Treated3	KEGG_PEROXISOME	-0.22531645569620773
CTRL1	KEGG_PHOSPHATIDYLINOSITOL_SIGNALING_SYSTEM	0.9645569620253165
CTRL2	KEGG_PHOSPHATIDYLINOSITOL_SIGNALING_SYSTEM	-0.6050632911392477
CTRL3	KEGG_PHOSPHATIDYLINOSITOL_SIGNALING_SYSTEM	-0.45316455696203173
Treated1	KEGG_PHOSPHATIDYLINOSITOL_SIGNALING_SYSTEM	-0.7012658227848179
Treated2	KEGG_PHOSPHATIDYLINOSITOL_SIGNALING_SYSTEM	-0.4481012658227912
Treated3	KEGG_PHOSPHATIDYLINOSITOL_SIGNALING_SYSTEM	0.10886075949366747
CTRL1	KEGG_PPAR_SIGNALING_PATHWAY	0.40609137055837496
CTRL2	KEGG_PPAR_SIGNALING_PATHWAY	0.6486319177912595
CTRL3	KEGG_PPAR_SIGNALING_PATHWAY	0.3508331494151401
Treated1	KEGG_PPAR_SIGNALING_PATHWAY	-0.17060251600088605
Treated2	KEGG_PPAR_SIGNALING_PATHWAY	-0.48477157360405715
Treated3	KEGG_PPAR_SIGNALING_PATHWAY	-0.21319796954314546
CTRL1	KEGG_PRIMARY_IMMUNODEFICIENCY	-0.6313801510851716
CTRL2	KEGG_PRIMARY_IMMUNODEFICIENCY	-0.4759122689397568
CTRL3	KEGG_PRIMARY_IMMUNODEFICIENCY	-0.7473417045150829
Treated1	KEGG_PRIMARY_IMMUNODEFICIENCY	0.5757305528879133
Treated2	KEGG_PRIMARY_IMMUNODEFICIENCY	0.19501201495826714
Treated3	KEGG_PRIMARY_IMMUNODEFICIENCY	0.6168774714642289
CTRL1	KEGG_PRION_DISEASES	-0.09544082902524129
CTRL2	KEGG_PRION_DISEASES	-0.36793570219966365
CTRL3	KEGG_PRION_DISEASES	-0.6663431870209908
Treated1	KEGG_PRION_DISEASES	-0.11675126903553518
Treated2	KEGG_PRION_DISEASES	0.18732759887051637
Treated3	KEGG_PRION_DISEASES	0.9015819821595781
CTRL1	KEGG_PROGESTERONE_MEDIATED_OOCYTE_MATURATION	-0.1499796499796488
CTRL2	KEGG_PROGESTERONE_MEDIATED_OOCYTE_MATURATION	0.1615384615384631
CTRL3	KEGG_PROGESTERONE_MEDIATED_OOCYTE_MATURATION	0.5132231404958687
Treated1	KEGG_PROGESTERONE_MEDIATED_OOCYTE_MATURATION	-0.08196286472148367
Treated2	KEGG_PROGESTERONE_MEDIATED_OOCYTE_MATURATION	-0.1724016441573669
Treated3	KEGG_PROGESTERONE_MEDIATED_OOCYTE_MATURATION	-0.22713915298184742
CTRL1	KEGG_PROPANOATE_METABOLISM	0.5341772151898723
CTRL2	KEGG_PROPANOATE_METABOLISM	-0.0835443037974728
CTRL3	KEGG_PROPANOATE_METABOLISM	0.6506329113924045
Treated1	KEGG_PROPANOATE_METABOLISM	0.14936708860759174
Treated2	KEGG_PROPANOATE_METABOLISM	-0.6506329113924125
Treated3	KEGG_PROPANOATE_METABOLISM	-0.24050632911392933
CTRL1	KEGG_PROSTATE_CANCER	-0.1108247422680394
CTRL2	KEGG_PROSTATE_CANCER	0.42275200458190204
CTRL3	KEGG_PROSTATE_CANCER	0.34443158706781785
Treated1	KEGG_PROSTATE_CANCER	-0.6583991053294548
Treated2	KEGG_PROSTATE_CANCER	-0.32604076493271045
Treated3	KEGG_PROSTATE_CANCER	0.056701030927835155
CTRL1	KEGG_PYRUVATE_METABOLISM	0.01772151898733787
CTRL2	KEGG_PYRUVATE_METABOLISM	0.45316455696202373
CTRL3	KEGG_PYRUVATE_METABOLISM	0.0531645569620216
Treated1	KEGG_PYRUVATE_METABOLISM	-0.37721518987342373
Treated2	KEGG_PYRUVATE_METABOLISM	-0.45316455696203173
Treated3	KEGG_PYRUVATE_METABOLISM	0.0531645569620216
CTRL1	KEGG_REGULATION_OF_ACTIN_CYTOSKELETON	0.22187671483446092
CTRL2	KEGG_REGULATION_OF_ACTIN_CYTOSKELETON	0.2733830525909728
CTRL3	KEGG_REGULATION_OF_ACTIN_CYTOSKELETON	-0.10866873463503807
Treated1	KEGG_REGULATION_OF_ACTIN_CYTOSKELETON	-0.6037069726390119
Treated2	KEGG_REGULATION_OF_ACTIN_CYTOSKELETON	-0.5277885235332045
Treated3	KEGG_REGULATION_OF_ACTIN_CYTOSKELETON	-0.32406324793031777
CTRL1	KEGG_REGULATION_OF_AUTOPHAGY	0.6050632911392397
CTRL2	KEGG_REGULATION_OF_AUTOPHAGY	-0.06329113924051066
CTRL3	KEGG_REGULATION_OF_AUTOPHAGY	0.0987341772151864
Treated1	KEGG_REGULATION_OF_AUTOPHAGY	0.0835443037974648
Treated2	KEGG_REGULATION_OF_AUTOPHAGY	-0.7316455696202611
Treated3	KEGG_REGULATION_OF_AUTOPHAGY	-0.022784810126586397
CTRL1	KEGG_RENAL_CELL_CARCINOMA	-0.2012386968908692
CTRL2	KEGG_RENAL_CELL_CARCINOMA	-0.17379652605458976
CTRL3	KEGG_RENAL_CELL_CARCINOMA	0.2791208791208797
Treated1	KEGG_RENAL_CELL_CARCINOMA	-0.022898802866492096
Treated2	KEGG_RENAL_CELL_CARCINOMA	0.08707757531287014
Treated3	KEGG_RENAL_CELL_CARCINOMA	0.27687074829932035
CTRL1	KEGG_RIG_I_LIKE_RECEPTOR_SIGNALING_PATHWAY	-0.12595094459954442
CTRL2	KEGG_RIG_I_LIKE_RECEPTOR_SIGNALING_PATHWAY	-0.08695652173912699
CTRL3	KEGG_RIG_I_LIKE_RECEPTOR_SIGNALING_PATHWAY	0.4945954933023552
Treated1	KEGG_RIG_I_LIKE_RECEPTOR_SIGNALING_PATHWAY	0.5030568135698047
Treated2	KEGG_RIG_I_LIKE_RECEPTOR_SIGNALING_PATHWAY	-0.28561780690536903
Treated3	KEGG_RIG_I_LIKE_RECEPTOR_SIGNALING_PATHWAY	-0.527835096489184
CTRL1	KEGG_RNA_DEGRADATION	-0.9233160621761689
CTRL2	KEGG_RNA_DEGRADATION	-0.9233160621761689
CTRL3	KEGG_RNA_DEGRADATION	-0.9233160621761688
Treated1	KEGG_RNA_DEGRADATION	-0.9455958549222826
Treated2	KEGG_RNA_DEGRADATION	-0.9233160621761688
Treated3	KEGG_RNA_DEGRADATION	-0.9233160621761688
CTRL1	KEGG_SELENOAMINO_ACID_METABOLISM	-0.7606177606177538
CTRL2	KEGG_SELENOAMINO_ACID_METABOLISM	0.12291974555034235
CTRL3	KEGG_SELENOAMINO_ACID_METABOLISM	-0.6345177664974546
Treated1	KEGG_SELENOAMINO_ACID_METABOLISM	0.6280396422528403
Treated2	KEGG_SELENOAMINO_ACID_METABOLISM	-0.29207519180400277
Treated3	KEGG_SELENOAMINO_ACID_METABOLISM	0.7197930345138467
CTRL1	KEGG_SMALL_CELL_LUNG_CANCER	0.5074404761904762
CTRL2	KEGG_SMALL_CELL_LUNG_CANCER	0.12128668035261397
CTRL3	KEGG_SMALL_CELL_LUNG_CANCER	0.5400719006463796
Treated1	KEGG_SMALL_CELL_LUNG_CANCER	-0.17265113592606737
Treated2	KEGG_SMALL_CELL_LUNG_CANCER	-0.6694939989725754
Treated3	KEGG_SMALL_CELL_LUNG_CANCER	-0.08313397129186029
CTRL1	KEGG_SPLICEOSOME	-0.4294054160125541
CTRL2	KEGG_SPLICEOSOME	-0.2777130139889755
CTRL3	KEGG_SPLICEOSOME	0.597131450767618
Treated1	KEGG_SPLICEOSOME	0.6843260560037969
Treated2	KEGG_SPLICEOSOME	-0.6370270330354253
Treated3	KEGG_SPLICEOSOME	0.5159854309995955
CTRL1	KEGG_T_CELL_RECEPTOR_SIGNALING_PATHWAY	-0.11658031088082985
CTRL2	KEGG_T_CELL_RECEPTOR_SIGNALING_PATHWAY	0.2667421960114348
CTRL3	KEGG_T_CELL_RECEPTOR_SIGNALING_PATHWAY	-0.044463774693342534
Treated1	KEGG_T_CELL_RECEPTOR_SIGNALING_PATHWAY	0.1007323356586678
Treated2	KEGG_T_CELL_RECEPTOR_SIGNALING_PATHWAY	-0.33058113095016345
Treated3	KEGG_T_CELL_RECEPTOR_SIGNALING_PATHWAY	0.022326833013966013
CTRL1	KEGG_TERPENOID_BACKBONE_BIOSYNTHESIS	-0.5797468354430451
CTRL2	KEGG_TERPENOID_BACKBONE_BIOSYNTHESIS	0.7822784810126582
CTRL3	KEGG_TERPENOID_BACKBONE_BIOSYNTHESIS	-0.34177215189874
Treated1	KEGG_TERPENOID_BACKBONE_BIOSYNTHESIS	-0.9797468354430472
Treated2	KEGG_TERPENOID_BACKBONE_BIOSYNTHESIS	0.46835443037974533
Treated3	KEGG_TERPENOID_BACKBONE_BIOSYNTHESIS	0.44303797468354267
CTRL1	KEGG_TGF_BETA_SIGNALING_PATHWAY	0.002739726027395639
CTRL2	KEGG_TGF_BETA_SIGNALING_PATHWAY	-0.756345177664963
CTRL3	KEGG_TGF_BETA_SIGNALING_PATHWAY	0.40172637877338857
Treated1	KEGG_TGF_BETA_SIGNALING_PATHWAY	-0.045759113982465294
Treated2	KEGG_TGF_BETA_SIGNALING_PATHWAY	0.4796954314720828
Treated3	KEGG_TGF_BETA_SIGNALING_PATHWAY	0.6294416243654826
CTRL1	KEGG_THYROID_CANCER	-0.5189873417721587
CTRL2	KEGG_THYROID_CANCER	-0.42278481012658853
CTRL3	KEGG_THYROID_CANCER	0.9544303797468354
Treated1	KEGG_THYROID_CANCER	-0.6101265822784883
Treated2	KEGG_THYROID_CANCER	0.3265822784810104
Treated3	KEGG_THYROID_CANCER	0.6050632911392397
CTRL1	KEGG_TIGHT_JUNCTION	0.21293099479814212
CTRL2	KEGG_TIGHT_JUNCTION	0.30146520146520445
CTRL3	KEGG_TIGHT_JUNCTION	-0.28986013986013803
Treated1	KEGG_TIGHT_JUNCTION	-0.44444651393803536
Treated2	KEGG_TIGHT_JUNCTION	-0.6170122069366383
Treated3	KEGG_TIGHT_JUNCTION	-0.34451546543236694
CTRL1	KEGG_TOLL_LIKE_RECEPTOR_SIGNALING_PATHWAY	-0.3366622011123225
CTRL2	KEGG_TOLL_LIKE_RECEPTOR_SIGNALING_PATHWAY	0.3299232736572893
CTRL3	KEGG_TOLL_LIKE_RECEPTOR_SIGNALING_PATHWAY	0.49323055461162957
Treated1	KEGG_TOLL_LIKE_RECEPTOR_SIGNALING_PATHWAY	-0.03324808184143083
Treated2	KEGG_TOLL_LIKE_RECEPTOR_SIGNALING_PATHWAY	-0.12077141079698428
Treated3	KEGG_TOLL_LIKE_RECEPTOR_SIGNALING_PATHWAY	0.0076726342711009865
CTRL1	KEGG_UBIQUITIN_MEDIATED_PROTEOLYSIS	-0.3282455981669091
CTRL2	KEGG_UBIQUITIN_MEDIATED_PROTEOLYSIS	-0.3918970814132122
CTRL3	KEGG_UBIQUITIN_MEDIATED_PROTEOLYSIS	0.18091147973158
Treated1	KEGG_UBIQUITIN_MEDIATED_PROTEOLYSIS	0.14007819335083238
Treated2	KEGG_UBIQUITIN_MEDIATED_PROTEOLYSIS	0.31359962838726346
Treated3	KEGG_UBIQUITIN_MEDIATED_PROTEOLYSIS	0.3230320867959355
CTRL1	KEGG_VALINE_LEUCINE_AND_ISOLEUCINE_DEGRADATION	0.5341772151898723
CTRL2	KEGG_VALINE_LEUCINE_AND_ISOLEUCINE_DEGRADATION	-0.0835443037974728
CTRL3	KEGG_VALINE_LEUCINE_AND_ISOLEUCINE_DEGRADATION	0.6506329113924045
Treated1	KEGG_VALINE_LEUCINE_AND_ISOLEUCINE_DEGRADATION	0.14936708860759174
Treated2	KEGG_VALINE_LEUCINE_AND_ISOLEUCINE_DEGRADATION	-0.6506329113924125
Treated3	KEGG_VALINE_LEUCINE_AND_ISOLEUCINE_DEGRADATION	-0.24050632911392933
CTRL1	KEGG_VASCULAR_SMOOTH_MUSCLE_CONTRACTION	-0.18481012658228346
CTRL2	KEGG_VASCULAR_SMOOTH_MUSCLE_CONTRACTION	0.30632911392404827
CTRL3	KEGG_VASCULAR_SMOOTH_MUSCLE_CONTRACTION	0.33670886075949147
Treated1	KEGG_VASCULAR_SMOOTH_MUSCLE_CONTRACTION	-0.2354430379746888
Treated2	KEGG_VASCULAR_SMOOTH_MUSCLE_CONTRACTION	-0.569620253164564
Treated3	KEGG_VASCULAR_SMOOTH_MUSCLE_CONTRACTION	0.25569620253164294
CTRL1	KEGG_VEGF_SIGNALING_PATHWAY	-0.37797351608092833
CTRL2	KEGG_VEGF_SIGNALING_PATHWAY	-0.26973847042323085
CTRL3	KEGG_VEGF_SIGNALING_PATHWAY	0.036569275121328126
Treated1	KEGG_VEGF_SIGNALING_PATHWAY	-0.011173922480910703
Treated2	KEGG_VEGF_SIGNALING_PATHWAY	0.04377336218768607
Treated3	KEGG_VEGF_SIGNALING_PATHWAY	0.4864864864864865
CTRL1	KEGG_VIRAL_MYOCARDITIS	-0.36122856726263547
CTRL2	KEGG_VIRAL_MYOCARDITIS	-0.19665920716112373
CTRL3	KEGG_VIRAL_MYOCARDITIS	-0.2572289785479397
Treated1	KEGG_VIRAL_MYOCARDITIS	0.4264151847481687
Treated2	KEGG_VIRAL_MYOCARDITIS	0.4980965158693568
Treated3	KEGG_VIRAL_MYOCARDITIS	0.31254156867316224
CTRL1	KEGG_WNT_SIGNALING_PATHWAY	-0.28505437493764196
CTRL2	KEGG_WNT_SIGNALING_PATHWAY	-0.6490542244640553
CTRL3	KEGG_WNT_SIGNALING_PATHWAY	0.29925481827727773
Treated1	KEGG_WNT_SIGNALING_PATHWAY	0.06705074860414811
Treated2	KEGG_WNT_SIGNALING_PATHWAY	0.4756112104949319
Treated3	KEGG_WNT_SIGNALING_PATHWAY	0.6796147133843479
