geneset	sample_id	gsva_score
KEGG_ABC_TRANSPORTERS	CTRL1	0.10178259680356994
KEGG_ABC_TRANSPORTERS	CTRL2	-0.2482372023299178
KEGG_ABC_TRANSPORTERS	CTRL3	-0.11358220532409702
KEGG_ABC_TRANSPORTERS	Treated1	-0.5953070206877074
KEGG_ABC_TRANSPORTERS	Treated2	-0.5728999778526483
KEGG_ABC_TRANSPORTERS	Treated3	-0.5367147464572593
KEGG_ACUTE_MYELOID_LEUKEMIA	CTRL1	-0.10327266300916452
KEGG_ACUTE_MYELOID_LEUKEMIA	CTRL2	0.24568245868705674
KEGG_ACUTE_MYELOID_LEUKEMIA	CTRL3	0.28273388777214564
KEGG_ACUTE_MYELOID_LEUKEMIA	Treated1	-0.26939676655349554
KEGG_ACUTE_MYELOID_LEUKEMIA	Treated2	-0.41822321904867965
KEGG_ACUTE_MYELOID_LEUKEMIA	Treated3	-0.30445310072992626
KEGG_ADHERENS_JUNCTION	CTRL1	-0.02472222625989437
KEGG_ADHERENS_JUNCTION	CTRL2	-0.01641588647013556
KEGG_ADHERENS_JUNCTION	CTRL3	0.13597154598841935
KEGG_ADHERENS_JUNCTION	Treated1	-0.470543234257163
KEGG_ADHERENS_JUNCTION	Treated2	-0.2183095423946228
KEGG_ADHERENS_JUNCTION	Treated3	-0.3567717376158482
KEGG_ADIPOCYTOKINE_SIGNALING_PATHWAY	CTRL1	-0.3227982107724881
KEGG_ADIPOCYTOKINE_SIGNALING_PATHWAY	CTRL2	-0.26252316048279384
KEGG_ADIPOCYTOKINE_SIGNALING_PATHWAY	CTRL3	-0.18112320812557198
KEGG_ADIPOCYTOKINE_SIGNALING_PATHWAY	Treated1	-0.22744188961161055
KEGG_ADIPOCYTOKINE_SIGNALING_PATHWAY	Treated2	-0.34337001869180966
KEGG_ADIPOCYTOKINE_SIGNALING_PATHWAY	Treated3	-0.25985825839513116
KEGG_ALANINE_ASPARTATE_AND_GLUTAMATE_METABOLISM	CTRL1	0.30569522189519294
KEGG_ALANINE_ASPARTATE_AND_GLUTAMATE_METABOLISM	CTRL2	0.3125314283489501
KEGG_ALANINE_ASPARTATE_AND_GLUTAMATE_METABOLISM	CTRL3	0.12243685395211874
KEGG_ALANINE_ASPARTATE_AND_GLUTAMATE_METABOLISM	Treated1	-0.20222739581834004
KEGG_ALANINE_ASPARTATE_AND_GLUTAMATE_METABOLISM	Treated2	-0.4543043300305588
KEGG_ALANINE_ASPARTATE_AND_GLUTAMATE_METABOLISM	Treated3	-0.11790969771631796
KEGG_ALDOSTERONE_REGULATED_SODIUM_REABSORPTION	CTRL1	0.42328373765692984
KEGG_ALDOSTERONE_REGULATED_SODIUM_REABSORPTION	CTRL2	0.5039202771394994
KEGG_ALDOSTERONE_REGULATED_SODIUM_REABSORPTION	CTRL3	0.34441918199903465
KEGG_ALDOSTERONE_REGULATED_SODIUM_REABSORPTION	Treated1	-0.08745571666426188
KEGG_ALDOSTERONE_REGULATED_SODIUM_REABSORPTION	Treated2	-0.3550737562373145
KEGG_ALDOSTERONE_REGULATED_SODIUM_REABSORPTION	Treated3	-0.3931928771729074
KEGG_ALLOGRAFT_REJECTION	CTRL1	-0.8329715273606804
KEGG_ALLOGRAFT_REJECTION	CTRL2	-0.8772596625916905
KEGG_ALLOGRAFT_REJECTION	CTRL3	-0.888213239235323
KEGG_ALLOGRAFT_REJECTION	Treated1	-0.8853201722106967
KEGG_ALLOGRAFT_REJECTION	Treated2	-0.8853466747991542
KEGG_ALLOGRAFT_REJECTION	Treated3	-0.8886871213030979
KEGG_ALPHA_LINOLENIC_ACID_METABOLISM	CTRL1	0.43390661492922333
KEGG_ALPHA_LINOLENIC_ACID_METABOLISM	CTRL2	0.18372797437012148
KEGG_ALPHA_LINOLENIC_ACID_METABOLISM	CTRL3	-0.08691662832230448
KEGG_ALPHA_LINOLENIC_ACID_METABOLISM	Treated1	-0.09780299258887032
KEGG_ALPHA_LINOLENIC_ACID_METABOLISM	Treated2	-0.4145989468630337
KEGG_ALPHA_LINOLENIC_ACID_METABOLISM	Treated3	-0.07399389690824498
KEGG_ALZHEIMERS_DISEASE	CTRL1	-0.17030431967725393
KEGG_ALZHEIMERS_DISEASE	CTRL2	0.16015465210200847
KEGG_ALZHEIMERS_DISEASE	CTRL3	0.29763463607211266
KEGG_ALZHEIMERS_DISEASE	Treated1	-0.22252136772527203
KEGG_ALZHEIMERS_DISEASE	Treated2	-0.3921818675526857
KEGG_ALZHEIMERS_DISEASE	Treated3	-0.01462304652430868
KEGG_AMINO_SUGAR_AND_NUCLEOTIDE_SUGAR_METABOLISM	CTRL1	-0.326725323379364
KEGG_AMINO_SUGAR_AND_NUCLEOTIDE_SUGAR_METABOLISM	CTRL2	-0.2888683895429547
KEGG_AMINO_SUGAR_AND_NUCLEOTIDE_SUGAR_METABOLISM	CTRL3	0.09943662002696513
KEGG_AMINO_SUGAR_AND_NUCLEOTIDE_SUGAR_METABOLISM	Treated1	-0.09522337899648375
KEGG_AMINO_SUGAR_AND_NUCLEOTIDE_SUGAR_METABOLISM	Treated2	-0.21373025962833134
KEGG_AMINO_SUGAR_AND_NUCLEOTIDE_SUGAR_METABOLISM	Treated3	0.3875258576915103
KEGG_AMINOACYL_TRNA_BIOSYNTHESIS	CTRL1	-0.5591721807728668
KEGG_AMINOACYL_TRNA_BIOSYNTHESIS	CTRL2	-0.2681979930314004
KEGG_AMINOACYL_TRNA_BIOSYNTHESIS	CTRL3	-0.22524416684335083
KEGG_AMINOACYL_TRNA_BIOSYNTHESIS	Treated1	-0.3313077986740894
KEGG_AMINOACYL_TRNA_BIOSYNTHESIS	Treated2	-0.35661681728111505
KEGG_AMINOACYL_TRNA_BIOSYNTHESIS	Treated3	-0.10554837155866359
KEGG_AMYOTROPHIC_LATERAL_SCLEROSIS_ALS	CTRL1	0.04352033731547425
KEGG_AMYOTROPHIC_LATERAL_SCLEROSIS_ALS	CTRL2	0.019572684731036516
KEGG_AMYOTROPHIC_LATERAL_SCLEROSIS_ALS	CTRL3	0.1453710619193242
KEGG_AMYOTROPHIC_LATERAL_SCLEROSIS_ALS	Treated1	-0.4477417166044608
KEGG_AMYOTROPHIC_LATERAL_SCLEROSIS_ALS	Treated2	-0.4710220855123225
KEGG_AMYOTROPHIC_LATERAL_SCLEROSIS_ALS	Treated3	-0.3556912552191866
KEGG_ANTIGEN_PROCESSING_AND_PRESENTATION	CTRL1	-0.6751882846775262
KEGG_ANTIGEN_PROCESSING_AND_PRESENTATION	CTRL2	-0.7386281446454592
KEGG_ANTIGEN_PROCESSING_AND_PRESENTATION	CTRL3	-0.6862198781317669
KEGG_ANTIGEN_PROCESSING_AND_PRESENTATION	Treated1	-0.7702300241178155
KEGG_ANTIGEN_PROCESSING_AND_PRESENTATION	Treated2	-0.7418449673453744
KEGG_ANTIGEN_PROCESSING_AND_PRESENTATION	Treated3	-0.7052955230680997
KEGG_APOPTOSIS	CTRL1	-0.2364032505701455
KEGG_APOPTOSIS	CTRL2	0.07938586435991304
KEGG_APOPTOSIS	CTRL3	0.11071742043994183
KEGG_APOPTOSIS	Treated1	-0.2249971196380559
KEGG_APOPTOSIS	Treated2	-0.07916573265641814
KEGG_APOPTOSIS	Treated3	0.07446812790045176
KEGG_ARACHIDONIC_ACID_METABOLISM	CTRL1	0.4624626051847706
KEGG_ARACHIDONIC_ACID_METABOLISM	CTRL2	0.24569346119933455
KEGG_ARACHIDONIC_ACID_METABOLISM	CTRL3	-0.4027190158168536
KEGG_ARACHIDONIC_ACID_METABOLISM	Treated1	0.4033749776404544
KEGG_ARACHIDONIC_ACID_METABOLISM	Treated2	-0.3823771893811797
KEGG_ARACHIDONIC_ACID_METABOLISM	Treated3	-0.46434817203843665
KEGG_ARGININE_AND_PROLINE_METABOLISM	CTRL1	0.4500677862689483
KEGG_ARGININE_AND_PROLINE_METABOLISM	CTRL2	0.541035087925262
KEGG_ARGININE_AND_PROLINE_METABOLISM	CTRL3	0.2558669404028386
KEGG_ARGININE_AND_PROLINE_METABOLISM	Treated1	-0.4239469822368155
KEGG_ARGININE_AND_PROLINE_METABOLISM	Treated2	-0.5614586681275159
KEGG_ARGININE_AND_PROLINE_METABOLISM	Treated3	-0.26601629956217054
KEGG_ARRHYTHMOGENIC_RIGHT_VENTRICULAR_CARDIOMYOPATHY_ARVC	CTRL1	0.03404687729903225
KEGG_ARRHYTHMOGENIC_RIGHT_VENTRICULAR_CARDIOMYOPATHY_ARVC	CTRL2	0.054482543223652535
KEGG_ARRHYTHMOGENIC_RIGHT_VENTRICULAR_CARDIOMYOPATHY_ARVC	CTRL3	0.1385740930809189
KEGG_ARRHYTHMOGENIC_RIGHT_VENTRICULAR_CARDIOMYOPATHY_ARVC	Treated1	-0.16119592559593912
KEGG_ARRHYTHMOGENIC_RIGHT_VENTRICULAR_CARDIOMYOPATHY_ARVC	Treated2	-0.0034292651330876944
KEGG_ARRHYTHMOGENIC_RIGHT_VENTRICULAR_CARDIOMYOPATHY_ARVC	Treated3	-0.14368623574700212
KEGG_ASCORBATE_AND_ALDARATE_METABOLISM	CTRL1	0.691343452191333
KEGG_ASCORBATE_AND_ALDARATE_METABOLISM	CTRL2	0.6041340303719448
KEGG_ASCORBATE_AND_ALDARATE_METABOLISM	CTRL3	0.08107535973165098
KEGG_ASCORBATE_AND_ALDARATE_METABOLISM	Treated1	0.015863385000834118
KEGG_ASCORBATE_AND_ALDARATE_METABOLISM	Treated2	-0.7890625792058219
KEGG_ASCORBATE_AND_ALDARATE_METABOLISM	Treated3	-0.6863102562067495
KEGG_ASTHMA	CTRL1	-0.822819073441199
KEGG_ASTHMA	CTRL2	-0.8762479619718947
KEGG_ASTHMA	CTRL3	-0.8901504702046781
KEGG_ASTHMA	Treated1	-0.896746715471527
KEGG_ASTHMA	Treated2	-0.8847954115055499
KEGG_ASTHMA	Treated3	-0.8938188958389441
KEGG_AUTOIMMUNE_THYROID_DISEASE	CTRL1	-0.7923682963396471
KEGG_AUTOIMMUNE_THYROID_DISEASE	CTRL2	-0.8746736954686442
KEGG_AUTOIMMUNE_THYROID_DISEASE	CTRL3	-0.8801218981567651
KEGG_AUTOIMMUNE_THYROID_DISEASE	Treated1	-0.8755456756297605
KEGG_AUTOIMMUNE_THYROID_DISEASE	Treated2	-0.8753932891706582
KEGG_AUTOIMMUNE_THYROID_DISEASE	Treated3	-0.8418007830012232
KEGG_AXON_GUIDANCE	CTRL1	0.06709257147837105
KEGG_AXON_GUIDANCE	CTRL2	0.10940148107327057
KEGG_AXON_GUIDANCE	CTRL3	0.20630567033748498
KEGG_AXON_GUIDANCE	Treated1	-0.06534505669792047
KEGG_AXON_GUIDANCE	Treated2	-0.09237192097294525
KEGG_AXON_GUIDANCE	Treated3	-0.10960665980256419
KEGG_B_CELL_RECEPTOR_SIGNALING_PATHWAY	CTRL1	-0.05379768737535354
KEGG_B_CELL_RECEPTOR_SIGNALING_PATHWAY	CTRL2	-0.04356768352954701
KEGG_B_CELL_RECEPTOR_SIGNALING_PATHWAY	CTRL3	-0.07706033467172671
KEGG_B_CELL_RECEPTOR_SIGNALING_PATHWAY	Treated1	-0.07743868888842019
KEGG_B_CELL_RECEPTOR_SIGNALING_PATHWAY	Treated2	-0.29377228302061953
KEGG_B_CELL_RECEPTOR_SIGNALING_PATHWAY	Treated3	-0.13151323933812178
KEGG_BASAL_CELL_CARCINOMA	CTRL1	0.24392049973008612
KEGG_BASAL_CELL_CARCINOMA	CTRL2	0.17056895321452187
KEGG_BASAL_CELL_CARCINOMA	CTRL3	0.10827967140622162
KEGG_BASAL_CELL_CARCINOMA	Treated1	-0.14177329323136598
KEGG_BASAL_CELL_CARCINOMA	Treated2	-0.36842990377437773
KEGG_BASAL_CELL_CARCINOMA	Treated3	-0.4623941436075586
KEGG_BASAL_TRANSCRIPTION_FACTORS	CTRL1	-0.43369429205133936
KEGG_BASAL_TRANSCRIPTION_FACTORS	CTRL2	-0.3167083842310662
KEGG_BASAL_TRANSCRIPTION_FACTORS	CTRL3	-0.3429928735977016
KEGG_BASAL_TRANSCRIPTION_FACTORS	Treated1	-0.23757638106232887
KEGG_BASAL_TRANSCRIPTION_FACTORS	Treated2	-0.27124658116354705
KEGG_BASAL_TRANSCRIPTION_FACTORS	Treated3	-0.02105591738797513
KEGG_BASE_EXCISION_REPAIR	CTRL1	0.23712305206234607
KEGG_BASE_EXCISION_REPAIR	CTRL2	0.2663945189524396
KEGG_BASE_EXCISION_REPAIR	CTRL3	0.43979433709939253
KEGG_BASE_EXCISION_REPAIR	Treated1	-0.3255072603216113
KEGG_BASE_EXCISION_REPAIR	Treated2	-0.5026856731253154
KEGG_BASE_EXCISION_REPAIR	Treated3	-0.17832854483754937
KEGG_BETA_ALANINE_METABOLISM	CTRL1	0.2887123083272392
KEGG_BETA_ALANINE_METABOLISM	CTRL2	0.04012385049913286
KEGG_BETA_ALANINE_METABOLISM	CTRL3	0.024477985458093376
KEGG_BETA_ALANINE_METABOLISM	Treated1	-0.03084477672734459
KEGG_BETA_ALANINE_METABOLISM	Treated2	-0.298810162250874
KEGG_BETA_ALANINE_METABOLISM	Treated3	0.1308941281138789
KEGG_BIOSYNTHESIS_OF_UNSATURATED_FATTY_ACIDS	CTRL1	0.0877088097035256
KEGG_BIOSYNTHESIS_OF_UNSATURATED_FATTY_ACIDS	CTRL2	0.464514977424
KEGG_BIOSYNTHESIS_OF_UNSATURATED_FATTY_ACIDS	CTRL3	0.2942686250744644
KEGG_BIOSYNTHESIS_OF_UNSATURATED_FATTY_ACIDS	Treated1	-0.31608015139817525
KEGG_BIOSYNTHESIS_OF_UNSATURATED_FATTY_ACIDS	Treated2	-0.5053433875758983
KEGG_BIOSYNTHESIS_OF_UNSATURATED_FATTY_ACIDS	Treated3	0.2871276122720965
KEGG_BLADDER_CANCER	CTRL1	-0.06149338008348937
KEGG_BLADDER_CANCER	CTRL2	-0.23535337132642603
KEGG_BLADDER_CANCER	CTRL3	-0.023076840538945653
KEGG_BLADDER_CANCER	Treated1	-0.10537097290396208
KEGG_BLADDER_CANCER	Treated2	-0.26086675650319685
KEGG_BLADDER_CANCER	Treated3	-0.003819108980479158
KEGG_BUTANOATE_METABOLISM	CTRL1	0.4125728434802427
KEGG_BUTANOATE_METABOLISM	CTRL2	0.19321850941162402
KEGG_BUTANOATE_METABOLISM	CTRL3	0.2941101928781214
KEGG_BUTANOATE_METABOLISM	Treated1	-0.476186757421705
KEGG_BUTANOATE_METABOLISM	Treated2	-0.5037722177540354
KEGG_BUTANOATE_METABOLISM	Treated3	-0.46202251669237426
KEGG_CALCIUM_SIGNALING_PATHWAY	CTRL1	0.17284318668051807
KEGG_CALCIUM_SIGNALING_PATHWAY	CTRL2	0.26342735103059217
KEGG_CALCIUM_SIGNALING_PATHWAY	CTRL3	0.09576839343126159
KEGG_CALCIUM_SIGNALING_PATHWAY	Treated1	-0.09157653249917627
KEGG_CALCIUM_SIGNALING_PATHWAY	Treated2	-0.17249170374423872
KEGG_CALCIUM_SIGNALING_PATHWAY	Treated3	-0.21000971475509195
KEGG_CARDIAC_MUSCLE_CONTRACTION	CTRL1	0.03639872485760967
KEGG_CARDIAC_MUSCLE_CONTRACTION	CTRL2	0.06224572059612528
KEGG_CARDIAC_MUSCLE_CONTRACTION	CTRL3	0.4869349726131499
KEGG_CARDIAC_MUSCLE_CONTRACTION	Treated1	-0.20658968988139184
KEGG_CARDIAC_MUSCLE_CONTRACTION	Treated2	-0.28519837917463
KEGG_CARDIAC_MUSCLE_CONTRACTION	Treated3	-0.030997516879502404
KEGG_CELL_ADHESION_MOLECULES_CAMS	CTRL1	-0.30225765597274407
KEGG_CELL_ADHESION_MOLECULES_CAMS	CTRL2	-0.4553697090518725
KEGG_CELL_ADHESION_MOLECULES_CAMS	CTRL3	-0.30792968431178724
KEGG_CELL_ADHESION_MOLECULES_CAMS	Treated1	-0.38355404149784245
KEGG_CELL_ADHESION_MOLECULES_CAMS	Treated2	-0.44192534159358215
KEGG_CELL_ADHESION_MOLECULES_CAMS	Treated3	-0.3733279462363452
KEGG_CELL_CYCLE	CTRL1	-0.2017909788471198
KEGG_CELL_CYCLE	CTRL2	0.3156000464746323
KEGG_CELL_CYCLE	CTRL3	0.37046939463731127
KEGG_CELL_CYCLE	Treated1	-0.38937841253114747
KEGG_CELL_CYCLE	Treated2	-0.16040957171386278
KEGG_CELL_CYCLE	Treated3	-0.24116667573435
KEGG_CHEMOKINE_SIGNALING_PATHWAY	CTRL1	-0.05297419723051819
KEGG_CHEMOKINE_SIGNALING_PATHWAY	CTRL2	0.051807899932117665
KEGG_CHEMOKINE_SIGNALING_PATHWAY	CTRL3	0.21649643738884422
KEGG_CHEMOKINE_SIGNALING_PATHWAY	Treated1	-0.3283239738827324
KEGG_CHEMOKINE_SIGNALING_PATHWAY	Treated2	-0.32534226362793406
KEGG_CHEMOKINE_SIGNALING_PATHWAY	Treated3	-0.09226418997218466
KEGG_CHRONIC_MYELOID_LEUKEMIA	CTRL1	-0.2610100393666804
KEGG_CHRONIC_MYELOID_LEUKEMIA	CTRL2	0.061184350592409995
KEGG_CHRONIC_MYELOID_LEUKEMIA	CTRL3	0.26296965374369957
KEGG_CHRONIC_MYELOID_LEUKEMIA	Treated1	-0.3445521339150954
KEGG_CHRONIC_MYELOID_LEUKEMIA	Treated2	-0.28656642331254234
KEGG_CHRONIC_MYELOID_LEUKEMIA	Treated3	-0.08442329773293492
KEGG_CIRCADIAN_RHYTHM_MAMMAL	CTRL1	-0.3534364030464684
KEGG_CIRCADIAN_RHYTHM_MAMMAL	CTRL2	-0.387955290373376
KEGG_CIRCADIAN_RHYTHM_MAMMAL	CTRL3	-0.2408726551530845
KEGG_CIRCADIAN_RHYTHM_MAMMAL	Treated1	0.4135508207775625
KEGG_CIRCADIAN_RHYTHM_MAMMAL	Treated2	0.4891443285858362
KEGG_CIRCADIAN_RHYTHM_MAMMAL	Treated3	0.1788406038531364
KEGG_CITRATE_CYCLE_TCA_CYCLE	CTRL1	0.3909623966080163
KEGG_CITRATE_CYCLE_TCA_CYCLE	CTRL2	0.32798251466663503
KEGG_CITRATE_CYCLE_TCA_CYCLE	CTRL3	0.3828671571213842
KEGG_CITRATE_CYCLE_TCA_CYCLE	Treated1	-0.3515016084970666
KEGG_CITRATE_CYCLE_TCA_CYCLE	Treated2	-0.5016521253698518
KEGG_CITRATE_CYCLE_TCA_CYCLE	Treated3	-0.0823250665472118
KEGG_COLORECTAL_CANCER	CTRL1	0.06890469733228805
KEGG_COLORECTAL_CANCER	CTRL2	0.17934399076587138
KEGG_COLORECTAL_CANCER	CTRL3	0.23087379519174633
KEGG_COLORECTAL_CANCER	Treated1	-0.30922973514299534
KEGG_COLORECTAL_CANCER	Treated2	-0.20385459178480342
KEGG_COLORECTAL_CANCER	Treated3	-0.34640712452311995
KEGG_COMPLEMENT_AND_COAGULATION_CASCADES	CTRL1	0.08333951377492732
KEGG_COMPLEMENT_AND_COAGULATION_CASCADES	CTRL2	0.2069308432135061
KEGG_COMPLEMENT_AND_COAGULATION_CASCADES	CTRL3	-0.4526785517727781
KEGG_COMPLEMENT_AND_COAGULATION_CASCADES	Treated1	-0.1705137797759556
KEGG_COMPLEMENT_AND_COAGULATION_CASCADES	Treated2	-0.6536246823562845
KEGG_COMPLEMENT_AND_COAGULATION_CASCADES	Treated3	-0.7132973893127754
KEGG_CYSTEINE_AND_METHIONINE_METABOLISM	CTRL1	0.24278623246210362
KEGG_CYSTEINE_AND_METHIONINE_METABOLISM	CTRL2	0.39260936107352434
KEGG_CYSTEINE_AND_METHIONINE_METABOLISM	CTRL3	0.2848751269131444
KEGG_CYSTEINE_AND_METHIONINE_METABOLISM	Treated1	-0.4877785838867967
KEGG_CYSTEINE_AND_METHIONINE_METABOLISM	Treated2	-0.4370789014624427
KEGG_CYSTEINE_AND_METHIONINE_METABOLISM	Treated3	-0.4462863300828971
KEGG_CYTOKINE_CYTOKINE_RECEPTOR_INTERACTION	CTRL1	0.023755026688425995
KEGG_CYTOKINE_CYTOKINE_RECEPTOR_INTERACTION	CTRL2	-0.20013261662212067
KEGG_CYTOKINE_CYTOKINE_RECEPTOR_INTERACTION	CTRL3	-0.38346715767548906
KEGG_CYTOKINE_CYTOKINE_RECEPTOR_INTERACTION	Treated1	0.10555140362161339
KEGG_CYTOKINE_CYTOKINE_RECEPTOR_INTERACTION	Treated2	-0.13740303061432962
KEGG_CYTOKINE_CYTOKINE_RECEPTOR_INTERACTION	Treated3	0.054344264617001564
KEGG_CYTOSOLIC_DNA_SENSING_PATHWAY	CTRL1	-0.4540874728338138
KEGG_CYTOSOLIC_DNA_SENSING_PATHWAY	CTRL2	-0.5097172224973525
KEGG_CYTOSOLIC_DNA_SENSING_PATHWAY	CTRL3	-0.2951290738229141
KEGG_CYTOSOLIC_DNA_SENSING_PATHWAY	Treated1	0.08255944816422106
KEGG_CYTOSOLIC_DNA_SENSING_PATHWAY	Treated2	0.09667800513262712
KEGG_CYTOSOLIC_DNA_SENSING_PATHWAY	Treated3	-0.03595967068758643
KEGG_DILATED_CARDIOMYOPATHY	CTRL1	0.17881472074147509
KEGG_DILATED_CARDIOMYOPATHY	CTRL2	0.1766979407203274
KEGG_DILATED_CARDIOMYOPATHY	CTRL3	0.05232482198899141
KEGG_DILATED_CARDIOMYOPATHY	Treated1	-0.21200861505881213
KEGG_DILATED_CARDIOMYOPATHY	Treated2	-0.20447035129033803
KEGG_DILATED_CARDIOMYOPATHY	Treated3	-0.0946062342411751
KEGG_DNA_REPLICATION	CTRL1	0.18364207195558457
KEGG_DNA_REPLICATION	CTRL2	0.3240985721764669
KEGG_DNA_REPLICATION	CTRL3	0.5101186957910137
KEGG_DNA_REPLICATION	Treated1	-0.5268405088502228
KEGG_DNA_REPLICATION	Treated2	-0.3456442153155235
KEGG_DNA_REPLICATION	Treated3	-0.25369917467752223
KEGG_DORSO_VENTRAL_AXIS_FORMATION	CTRL1	0.07750092712809231
KEGG_DORSO_VENTRAL_AXIS_FORMATION	CTRL2	0.042964365906341964
KEGG_DORSO_VENTRAL_AXIS_FORMATION	CTRL3	0.11582331617487532
KEGG_DORSO_VENTRAL_AXIS_FORMATION	Treated1	0.1053448307059389
KEGG_DORSO_VENTRAL_AXIS_FORMATION	Treated2	-0.33197600430438257
KEGG_DORSO_VENTRAL_AXIS_FORMATION	Treated3	-0.35614613749214896
KEGG_DRUG_METABOLISM_CYTOCHROME_P450	CTRL1	0.5926699156825737
KEGG_DRUG_METABOLISM_CYTOCHROME_P450	CTRL2	0.6302654466161204
KEGG_DRUG_METABOLISM_CYTOCHROME_P450	CTRL3	-0.11078828128977523
KEGG_DRUG_METABOLISM_CYTOCHROME_P450	Treated1	-0.07397952639065954
KEGG_DRUG_METABOLISM_CYTOCHROME_P450	Treated2	-0.5939041923987747
KEGG_DRUG_METABOLISM_CYTOCHROME_P450	Treated3	-0.5964661759916541
KEGG_DRUG_METABOLISM_OTHER_ENZYMES	CTRL1	0.4696311546559499
KEGG_DRUG_METABOLISM_OTHER_ENZYMES	CTRL2	0.23693812173793205
KEGG_DRUG_METABOLISM_OTHER_ENZYMES	CTRL3	-0.28928177991797244
KEGG_DRUG_METABOLISM_OTHER_ENZYMES	Treated1	0.18523888910919584
KEGG_DRUG_METABOLISM_OTHER_ENZYMES	Treated2	-0.5886623607977751
KEGG_DRUG_METABOLISM_OTHER_ENZYMES	Treated3	-0.40972131588645366
KEGG_ECM_RECEPTOR_INTERACTION	CTRL1	-0.02911015800099162
KEGG_ECM_RECEPTOR_INTERACTION	CTRL2	-0.4124856425602485
KEGG_ECM_RECEPTOR_INTERACTION	CTRL3	-0.1522997903435537
KEGG_ECM_RECEPTOR_INTERACTION	Treated1	-0.059712616865277374
KEGG_ECM_RECEPTOR_INTERACTION	Treated2	-0.31796545584406655
KEGG_ECM_RECEPTOR_INTERACTION	Treated3	-0.3315735474692372
KEGG_ENDOCYTOSIS	CTRL1	0.03789397305250536
KEGG_ENDOCYTOSIS	CTRL2	0.14581950946910313
KEGG_ENDOCYTOSIS	CTRL3	0.1526653980328243
KEGG_ENDOCYTOSIS	Treated1	-0.45680465631917355
KEGG_ENDOCYTOSIS	Treated2	-0.3398067168725902
KEGG_ENDOCYTOSIS	Treated3	-0.40902462416069557
KEGG_ENDOMETRIAL_CANCER	CTRL1	-0.04812451982986243
KEGG_ENDOMETRIAL_CANCER	CTRL2	0.17914953480074647
KEGG_ENDOMETRIAL_CANCER	CTRL3	0.31562598002847425
KEGG_ENDOMETRIAL_CANCER	Treated1	-0.26161153961616346
KEGG_ENDOMETRIAL_CANCER	Treated2	-0.3538578487244889
KEGG_ENDOMETRIAL_CANCER	Treated3	-0.33182288949202965
KEGG_EPITHELIAL_CELL_SIGNALING_IN_HELICOBACTER_PYLORI_INFECTION	CTRL1	-0.3901488134446157
KEGG_EPITHELIAL_CELL_SIGNALING_IN_HELICOBACTER_PYLORI_INFECTION	CTRL2	-0.19920068938362528
KEGG_EPITHELIAL_CELL_SIGNALING_IN_HELICOBACTER_PYLORI_INFECTION	CTRL3	-0.25126010319191516
KEGG_EPITHELIAL_CELL_SIGNALING_IN_HELICOBACTER_PYLORI_INFECTION	Treated1	-0.25283124111918165
KEGG_EPITHELIAL_CELL_SIGNALING_IN_HELICOBACTER_PYLORI_INFECTION	Treated2	-0.2741255534307344
KEGG_EPITHELIAL_CELL_SIGNALING_IN_HELICOBACTER_PYLORI_INFECTION	Treated3	-0.09126154397331374
KEGG_ERBB_SIGNALING_PATHWAY	CTRL1	-0.03298310918837241
KEGG_ERBB_SIGNALING_PATHWAY	CTRL2	0.19338110101608327
KEGG_ERBB_SIGNALING_PATHWAY	CTRL3	0.17883385932854076
KEGG_ERBB_SIGNALING_PATHWAY	Treated1	-0.1907144583995461
KEGG_ERBB_SIGNALING_PATHWAY	Treated2	-0.3009570852665928
KEGG_ERBB_SIGNALING_PATHWAY	Treated3	-0.13340585877206113
KEGG_ETHER_LIPID_METABOLISM	CTRL1	0.199020219897669
KEGG_ETHER_LIPID_METABOLISM	CTRL2	0.27644033164835036
KEGG_ETHER_LIPID_METABOLISM	CTRL3	0.003496720787772273
KEGG_ETHER_LIPID_METABOLISM	Treated1	-0.30449685593656767
KEGG_ETHER_LIPID_METABOLISM	Treated2	-0.5310032733763226
KEGG_ETHER_LIPID_METABOLISM	Treated3	-0.010852001727808147
KEGG_FATTY_ACID_METABOLISM	CTRL1	0.21042923512664208
KEGG_FATTY_ACID_METABOLISM	CTRL2	0.40407160156408745
KEGG_FATTY_ACID_METABOLISM	CTRL3	0.25247260334263183
KEGG_FATTY_ACID_METABOLISM	Treated1	-0.2757059933909848
KEGG_FATTY_ACID_METABOLISM	Treated2	-0.43628907609759293
KEGG_FATTY_ACID_METABOLISM	Treated3	-0.07794655503639024
KEGG_FC_EPSILON_RI_SIGNALING_PATHWAY	CTRL1	0.18914034658167408
KEGG_FC_EPSILON_RI_SIGNALING_PATHWAY	CTRL2	0.22407438445031613
KEGG_FC_EPSILON_RI_SIGNALING_PATHWAY	CTRL3	0.20165026544849063
KEGG_FC_EPSILON_RI_SIGNALING_PATHWAY	Treated1	-0.33747144508427646
KEGG_FC_EPSILON_RI_SIGNALING_PATHWAY	Treated2	-0.4095709501074524
KEGG_FC_EPSILON_RI_SIGNALING_PATHWAY	Treated3	-0.27098901227889505
KEGG_FC_GAMMA_R_MEDIATED_PHAGOCYTOSIS	CTRL1	0.09560486195076684
KEGG_FC_GAMMA_R_MEDIATED_PHAGOCYTOSIS	CTRL2	0.2947926878662299
KEGG_FC_GAMMA_R_MEDIATED_PHAGOCYTOSIS	CTRL3	0.273841848146553
KEGG_FC_GAMMA_R_MEDIATED_PHAGOCYTOSIS	Treated1	-0.4101127845879002
KEGG_FC_GAMMA_R_MEDIATED_PHAGOCYTOSIS	Treated2	-0.33882230301067173
KEGG_FC_GAMMA_R_MEDIATED_PHAGOCYTOSIS	Treated3	-0.2631146068534533
KEGG_FOCAL_ADHESION	CTRL1	-0.028982400443560707
KEGG_FOCAL_ADHESION	CTRL2	-0.15115583845165173
KEGG_FOCAL_ADHESION	CTRL3	0.045310201546171824
KEGG_FOCAL_ADHESION	Treated1	-0.10529616501192852
KEGG_FOCAL_ADHESION	Treated2	-0.2028441681469954
KEGG_FOCAL_ADHESION	Treated3	-0.2030950325820558
KEGG_FOLATE_BIOSYNTHESIS	CTRL1	-0.10842840439104873
KEGG_FOLATE_BIOSYNTHESIS	CTRL2	0.5138064734541303
KEGG_FOLATE_BIOSYNTHESIS	CTRL3	-0.09010109987783022
KEGG_FOLATE_BIOSYNTHESIS	Treated1	0.008110209976667948
KEGG_FOLATE_BIOSYNTHESIS	Treated2	-0.4789711003937842
KEGG_FOLATE_BIOSYNTHESIS	Treated3	-0.2196334029022392
KEGG_FRUCTOSE_AND_MANNOSE_METABOLISM	CTRL1	-0.09193569707465579
KEGG_FRUCTOSE_AND_MANNOSE_METABOLISM	CTRL2	0.016911808755616625
KEGG_FRUCTOSE_AND_MANNOSE_METABOLISM	CTRL3	0.3740155785457797
KEGG_FRUCTOSE_AND_MANNOSE_METABOLISM	Treated1	0.02186244389166364
KEGG_FRUCTOSE_AND_MANNOSE_METABOLISM	Treated2	-0.1587175242242759
KEGG_FRUCTOSE_AND_MANNOSE_METABOLISM	Treated3	-0.002879772708182904
KEGG_GALACTOSE_METABOLISM	CTRL1	-0.16144678960627573
KEGG_GALACTOSE_METABOLISM	CTRL2	0.10451412052478384
KEGG_GALACTOSE_METABOLISM	CTRL3	0.4444015221582816
KEGG_GALACTOSE_METABOLISM	Treated1	-0.2851565624467238
KEGG_GALACTOSE_METABOLISM	Treated2	-0.4315169526020145
KEGG_GALACTOSE_METABOLISM	Treated3	0.14993939435213524
KEGG_GAP_JUNCTION	CTRL1	0.14958223121167055
KEGG_GAP_JUNCTION	CTRL2	0.16261293895221673
KEGG_GAP_JUNCTION	CTRL3	-0.06982278512764142
KEGG_GAP_JUNCTION	Treated1	-0.4185565660475759
KEGG_GAP_JUNCTION	Treated2	-0.46202938646663055
KEGG_GAP_JUNCTION	Treated3	-0.33182894989836575
KEGG_GLIOMA	CTRL1	0.09008573200845055
KEGG_GLIOMA	CTRL2	0.26566633185685085
KEGG_GLIOMA	CTRL3	0.21000876833993593
KEGG_GLIOMA	Treated1	-0.39018909442454924
KEGG_GLIOMA	Treated2	-0.4623254837870767
KEGG_GLIOMA	Treated3	-0.32183259235066286
KEGG_GLUTATHIONE_METABOLISM	CTRL1	0.3870176279509779
KEGG_GLUTATHIONE_METABOLISM	CTRL2	0.5586840782856819
KEGG_GLUTATHIONE_METABOLISM	CTRL3	-0.0622905507581164
KEGG_GLUTATHIONE_METABOLISM	Treated1	-0.29238456594792395
KEGG_GLUTATHIONE_METABOLISM	Treated2	-0.40992583434662677
KEGG_GLUTATHIONE_METABOLISM	Treated3	-0.3785306701405826
KEGG_GLYCEROLIPID_METABOLISM	CTRL1	0.13653150685470994
KEGG_GLYCEROLIPID_METABOLISM	CTRL2	0.009948875904952775
KEGG_GLYCEROLIPID_METABOLISM	CTRL3	-0.21666336373584127
KEGG_GLYCEROLIPID_METABOLISM	Treated1	-0.3048879105534105
KEGG_GLYCEROLIPID_METABOLISM	Treated2	-0.4737170444702668
KEGG_GLYCEROLIPID_METABOLISM	Treated3	-0.2741803862546267
KEGG_GLYCEROPHOSPHOLIPID_METABOLISM	CTRL1	0.17371295697353756
KEGG_GLYCEROPHOSPHOLIPID_METABOLISM	CTRL2	-0.039724314250742215
KEGG_GLYCEROPHOSPHOLIPID_METABOLISM	CTRL3	-0.3849846768342637
KEGG_GLYCEROPHOSPHOLIPID_METABOLISM	Treated1	-0.5475766619459358
KEGG_GLYCEROPHOSPHOLIPID_METABOLISM	Treated2	-0.44250830392517754
KEGG_GLYCEROPHOSPHOLIPID_METABOLISM	Treated3	-0.20563644724677804
KEGG_GLYCINE_SERINE_AND_THREONINE_METABOLISM	CTRL1	0.31746774190939436
KEGG_GLYCINE_SERINE_AND_THREONINE_METABOLISM	CTRL2	0.2171377625944921
KEGG_GLYCINE_SERINE_AND_THREONINE_METABOLISM	CTRL3	-0.2986072182883391
KEGG_GLYCINE_SERINE_AND_THREONINE_METABOLISM	Treated1	-0.007504549603524202
KEGG_GLYCINE_SERINE_AND_THREONINE_METABOLISM	Treated2	-0.14325907284738998
KEGG_GLYCINE_SERINE_AND_THREONINE_METABOLISM	Treated3	-0.2995279760069125
KEGG_GLYCOLYSIS_GLUCONEOGENESIS	CTRL1	0.3500310405743761
KEGG_GLYCOLYSIS_GLUCONEOGENESIS	CTRL2	0.2455634100732809
KEGG_GLYCOLYSIS_GLUCONEOGENESIS	CTRL3	0.4066842890949482
KEGG_GLYCOLYSIS_GLUCONEOGENESIS	Treated1	-0.3741048322864168
KEGG_GLYCOLYSIS_GLUCONEOGENESIS	Treated2	-0.5927886526805168
KEGG_GLYCOLYSIS_GLUCONEOGENESIS	Treated3	-0.33628468432209396
KEGG_GLYCOSAMINOGLYCAN_BIOSYNTHESIS_CHONDROITIN_SULFATE	CTRL1	-0.3830655680676487
KEGG_GLYCOSAMINOGLYCAN_BIOSYNTHESIS_CHONDROITIN_SULFATE	CTRL2	-0.287356916408695
KEGG_GLYCOSAMINOGLYCAN_BIOSYNTHESIS_CHONDROITIN_SULFATE	CTRL3	0.04160963366673762
KEGG_GLYCOSAMINOGLYCAN_BIOSYNTHESIS_CHONDROITIN_SULFATE	Treated1	-0.0012564699297604454
KEGG_GLYCOSAMINOGLYCAN_BIOSYNTHESIS_CHONDROITIN_SULFATE	Treated2	0.18768555621100746
KEGG_GLYCOSAMINOGLYCAN_BIOSYNTHESIS_CHONDROITIN_SULFATE	Treated3	0.29716645127581676
KEGG_GLYCOSAMINOGLYCAN_BIOSYNTHESIS_HEPARAN_SULFATE	CTRL1	-0.2742443569526245
KEGG_GLYCOSAMINOGLYCAN_BIOSYNTHESIS_HEPARAN_SULFATE	CTRL2	0.21369177026041164
KEGG_GLYCOSAMINOGLYCAN_BIOSYNTHESIS_HEPARAN_SULFATE	CTRL3	0.24484639548902157
KEGG_GLYCOSAMINOGLYCAN_BIOSYNTHESIS_HEPARAN_SULFATE	Treated1	-0.47340807178184474
KEGG_GLYCOSAMINOGLYCAN_BIOSYNTHESIS_HEPARAN_SULFATE	Treated2	-0.3002132182434483
KEGG_GLYCOSAMINOGLYCAN_BIOSYNTHESIS_HEPARAN_SULFATE	Treated3	0.3026059693858571
KEGG_GLYCOSAMINOGLYCAN_BIOSYNTHESIS_KERATAN_SULFATE	CTRL1	-0.5389367323947769
KEGG_GLYCOSAMINOGLYCAN_BIOSYNTHESIS_KERATAN_SULFATE	CTRL2	-0.18728465043907813
KEGG_GLYCOSAMINOGLYCAN_BIOSYNTHESIS_KERATAN_SULFATE	CTRL3	0.18877449754467357
KEGG_GLYCOSAMINOGLYCAN_BIOSYNTHESIS_KERATAN_SULFATE	Treated1	-0.1872968999767322
KEGG_GLYCOSAMINOGLYCAN_BIOSYNTHESIS_KERATAN_SULFATE	Treated2	-0.0742914589595148
KEGG_GLYCOSAMINOGLYCAN_BIOSYNTHESIS_KERATAN_SULFATE	Treated3	0.5616437193825279
KEGG_GLYCOSAMINOGLYCAN_DEGRADATION	CTRL1	0.0762881775414204
KEGG_GLYCOSAMINOGLYCAN_DEGRADATION	CTRL2	0.03504922675962374
KEGG_GLYCOSAMINOGLYCAN_DEGRADATION	CTRL3	-0.21595829716279225
KEGG_GLYCOSAMINOGLYCAN_DEGRADATION	Treated1	-0.010449658793888705
KEGG_GLYCOSAMINOGLYCAN_DEGRADATION	Treated2	-0.31216706108433023
KEGG_GLYCOSAMINOGLYCAN_DEGRADATION	Treated3	0.3981801837841117
KEGG_GLYCOSPHINGOLIPID_BIOSYNTHESIS_GANGLIO_SERIES	CTRL1	-0.29859265609296437
KEGG_GLYCOSPHINGOLIPID_BIOSYNTHESIS_GANGLIO_SERIES	CTRL2	-0.3130988999233442
KEGG_GLYCOSPHINGOLIPID_BIOSYNTHESIS_GANGLIO_SERIES	CTRL3	-0.15626579560517687
KEGG_GLYCOSPHINGOLIPID_BIOSYNTHESIS_GANGLIO_SERIES	Treated1	-0.6361657526603198
KEGG_GLYCOSPHINGOLIPID_BIOSYNTHESIS_GANGLIO_SERIES	Treated2	-0.7120880352399905
KEGG_GLYCOSPHINGOLIPID_BIOSYNTHESIS_GANGLIO_SERIES	Treated3	-0.5918021823032047
KEGG_GLYCOSPHINGOLIPID_BIOSYNTHESIS_GLOBO_SERIES	CTRL1	0.19597296901487568
KEGG_GLYCOSPHINGOLIPID_BIOSYNTHESIS_GLOBO_SERIES	CTRL2	0.2377194932207249
KEGG_GLYCOSPHINGOLIPID_BIOSYNTHESIS_GLOBO_SERIES	CTRL3	0.39114974101032224
KEGG_GLYCOSPHINGOLIPID_BIOSYNTHESIS_GLOBO_SERIES	Treated1	-0.5876854599072603
KEGG_GLYCOSPHINGOLIPID_BIOSYNTHESIS_GLOBO_SERIES	Treated2	0.14671396700742567
KEGG_GLYCOSPHINGOLIPID_BIOSYNTHESIS_GLOBO_SERIES	Treated3	-0.26412779690764093
KEGG_GLYCOSPHINGOLIPID_BIOSYNTHESIS_LACTO_AND_NEOLACTO_SERIES	CTRL1	-0.0407259076557408
KEGG_GLYCOSPHINGOLIPID_BIOSYNTHESIS_LACTO_AND_NEOLACTO_SERIES	CTRL2	0.2797535883999279
KEGG_GLYCOSPHINGOLIPID_BIOSYNTHESIS_LACTO_AND_NEOLACTO_SERIES	CTRL3	-0.27692371718445563
KEGG_GLYCOSPHINGOLIPID_BIOSYNTHESIS_LACTO_AND_NEOLACTO_SERIES	Treated1	-0.13489640900371513
KEGG_GLYCOSPHINGOLIPID_BIOSYNTHESIS_LACTO_AND_NEOLACTO_SERIES	Treated2	-0.20787727302376746
KEGG_GLYCOSPHINGOLIPID_BIOSYNTHESIS_LACTO_AND_NEOLACTO_SERIES	Treated3	-0.1588057771126886
KEGG_GLYCOSYLPHOSPHATIDYLINOSITOL_GPI_ANCHOR_BIOSYNTHESIS	CTRL1	-0.46222751896973036
KEGG_GLYCOSYLPHOSPHATIDYLINOSITOL_GPI_ANCHOR_BIOSYNTHESIS	CTRL2	-0.008892115703475756
KEGG_GLYCOSYLPHOSPHATIDYLINOSITOL_GPI_ANCHOR_BIOSYNTHESIS	CTRL3	0.16011722042714943
KEGG_GLYCOSYLPHOSPHATIDYLINOSITOL_GPI_ANCHOR_BIOSYNTHESIS	Treated1	-0.41193203991806066
KEGG_GLYCOSYLPHOSPHATIDYLINOSITOL_GPI_ANCHOR_BIOSYNTHESIS	Treated2	0.1389169763601114
KEGG_GLYCOSYLPHOSPHATIDYLINOSITOL_GPI_ANCHOR_BIOSYNTHESIS	Treated3	0.1603800719164248
KEGG_GLYOXYLATE_AND_DICARBOXYLATE_METABOLISM	CTRL1	0.30968878425987506
KEGG_GLYOXYLATE_AND_DICARBOXYLATE_METABOLISM	CTRL2	0.09455972008208952
KEGG_GLYOXYLATE_AND_DICARBOXYLATE_METABOLISM	CTRL3	0.022764928686852454
KEGG_GLYOXYLATE_AND_DICARBOXYLATE_METABOLISM	Treated1	0.08133391122053818
KEGG_GLYOXYLATE_AND_DICARBOXYLATE_METABOLISM	Treated2	-0.13534977459947448
KEGG_GLYOXYLATE_AND_DICARBOXYLATE_METABOLISM	Treated3	-0.0835741275839122
KEGG_GNRH_SIGNALING_PATHWAY	CTRL1	0.22272700991815908
KEGG_GNRH_SIGNALING_PATHWAY	CTRL2	0.23468786752445248
KEGG_GNRH_SIGNALING_PATHWAY	CTRL3	0.2231932859482723
KEGG_GNRH_SIGNALING_PATHWAY	Treated1	-0.39577233398742406
KEGG_GNRH_SIGNALING_PATHWAY	Treated2	-0.3956666356656579
KEGG_GNRH_SIGNALING_PATHWAY	Treated3	-0.1895065414389835
KEGG_GRAFT_VERSUS_HOST_DISEASE	CTRL1	-0.8024085077831373
KEGG_GRAFT_VERSUS_HOST_DISEASE	CTRL2	-0.8270093073243612
KEGG_GRAFT_VERSUS_HOST_DISEASE	CTRL3	-0.8150976327864325
KEGG_GRAFT_VERSUS_HOST_DISEASE	Treated1	-0.8244155723714213
KEGG_GRAFT_VERSUS_HOST_DISEASE	Treated2	-0.8501417911080444
KEGG_GRAFT_VERSUS_HOST_DISEASE	Treated3	-0.8143782899109941
KEGG_HEDGEHOG_SIGNALING_PATHWAY	CTRL1	0.19071073646389225
KEGG_HEDGEHOG_SIGNALING_PATHWAY	CTRL2	0.19383206717207252
KEGG_HEDGEHOG_SIGNALING_PATHWAY	CTRL3	0.07039773795717372
KEGG_HEDGEHOG_SIGNALING_PATHWAY	Treated1	-0.4426171387782079
KEGG_HEDGEHOG_SIGNALING_PATHWAY	Treated2	-0.39172675912419774
KEGG_HEDGEHOG_SIGNALING_PATHWAY	Treated3	-0.46176728098118003
KEGG_HEMATOPOIETIC_CELL_LINEAGE	CTRL1	0.028889423629495453
KEGG_HEMATOPOIETIC_CELL_LINEAGE	CTRL2	-0.2811961115252303
KEGG_HEMATOPOIETIC_CELL_LINEAGE	CTRL3	-0.3042457751495302
KEGG_HEMATOPOIETIC_CELL_LINEAGE	Treated1	-0.30346719631007973
KEGG_HEMATOPOIETIC_CELL_LINEAGE	Treated2	-0.37930053520808327
KEGG_HEMATOPOIETIC_CELL_LINEAGE	Treated3	0.01924685064944237
KEGG_HISTIDINE_METABOLISM	CTRL1	0.2725861474931681
KEGG_HISTIDINE_METABOLISM	CTRL2	0.39964994158502515
KEGG_HISTIDINE_METABOLISM	CTRL3	0.38746618984625814
KEGG_HISTIDINE_METABOLISM	Treated1	-0.3288942951847908
KEGG_HISTIDINE_METABOLISM	Treated2	-0.5305454401113695
KEGG_HISTIDINE_METABOLISM	Treated3	0.007288938716133814
KEGG_HOMOLOGOUS_RECOMBINATION	CTRL1	-0.202456151882048
KEGG_HOMOLOGOUS_RECOMBINATION	CTRL2	-0.12516087239595836
KEGG_HOMOLOGOUS_RECOMBINATION	CTRL3	0.32765523206316993
KEGG_HOMOLOGOUS_RECOMBINATION	Treated1	-0.42780584152082884
KEGG_HOMOLOGOUS_RECOMBINATION	Treated2	0.255818972313559
KEGG_HOMOLOGOUS_RECOMBINATION	Treated3	0.1698286299681639
KEGG_HUNTINGTONS_DISEASE	CTRL1	0.02863496025867847
KEGG_HUNTINGTONS_DISEASE	CTRL2	0.08975145340780803
KEGG_HUNTINGTONS_DISEASE	CTRL3	0.2800540935510519
KEGG_HUNTINGTONS_DISEASE	Treated1	-0.26654374611395615
KEGG_HUNTINGTONS_DISEASE	Treated2	-0.37950164217294363
KEGG_HUNTINGTONS_DISEASE	Treated3	-0.1805219810588669
KEGG_HYPERTROPHIC_CARDIOMYOPATHY_HCM	CTRL1	0.004526187375678337
KEGG_HYPERTROPHIC_CARDIOMYOPATHY_HCM	CTRL2	0.053091843291432905
KEGG_HYPERTROPHIC_CARDIOMYOPATHY_HCM	CTRL3	0.09049442435738297
KEGG_HYPERTROPHIC_CARDIOMYOPATHY_HCM	Treated1	0.007337032610544039
KEGG_HYPERTROPHIC_CARDIOMYOPATHY_HCM	Treated2	-0.01995955592168147
KEGG_HYPERTROPHIC_CARDIOMYOPATHY_HCM	Treated3	0.01706544931402762
KEGG_INOSITOL_PHOSPHATE_METABOLISM	CTRL1	0.06424197245147215
KEGG_INOSITOL_PHOSPHATE_METABOLISM	CTRL2	0.3896536074797252
KEGG_INOSITOL_PHOSPHATE_METABOLISM	CTRL3	0.35218387310645805
KEGG_INOSITOL_PHOSPHATE_METABOLISM	Treated1	-0.47383224180132216
KEGG_INOSITOL_PHOSPHATE_METABOLISM	Treated2	-0.448724741902607
KEGG_INOSITOL_PHOSPHATE_METABOLISM	Treated3	-0.3089299127902979
KEGG_INSULIN_SIGNALING_PATHWAY	CTRL1	-0.09698975515335456
KEGG_INSULIN_SIGNALING_PATHWAY	CTRL2	0.09682989587929941
KEGG_INSULIN_SIGNALING_PATHWAY	CTRL3	0.10323332369306812
KEGG_INSULIN_SIGNALING_PATHWAY	Treated1	-0.357479912228352
KEGG_INSULIN_SIGNALING_PATHWAY	Treated2	-0.4633198227375364
KEGG_INSULIN_SIGNALING_PATHWAY	Treated3	-0.3900978503831069
KEGG_INTESTINAL_IMMUNE_NETWORK_FOR_IGA_PRODUCTION	CTRL1	-0.680385936432452
KEGG_INTESTINAL_IMMUNE_NETWORK_FOR_IGA_PRODUCTION	CTRL2	-0.8171944193271736
KEGG_INTESTINAL_IMMUNE_NETWORK_FOR_IGA_PRODUCTION	CTRL3	-0.6617700350917946
KEGG_INTESTINAL_IMMUNE_NETWORK_FOR_IGA_PRODUCTION	Treated1	-0.8000071319905724
KEGG_INTESTINAL_IMMUNE_NETWORK_FOR_IGA_PRODUCTION	Treated2	-0.730245511021101
KEGG_INTESTINAL_IMMUNE_NETWORK_FOR_IGA_PRODUCTION	Treated3	-0.7272117459159517
KEGG_JAK_STAT_SIGNALING_PATHWAY	CTRL1	0.07067351507535799
KEGG_JAK_STAT_SIGNALING_PATHWAY	CTRL2	0.011437983709533556
KEGG_JAK_STAT_SIGNALING_PATHWAY	CTRL3	0.041578738822029615
KEGG_JAK_STAT_SIGNALING_PATHWAY	Treated1	-0.028677264908269495
KEGG_JAK_STAT_SIGNALING_PATHWAY	Treated2	-0.21781268921762814
KEGG_JAK_STAT_SIGNALING_PATHWAY	Treated3	-0.1428545427211575
KEGG_LEISHMANIA_INFECTION	CTRL1	-0.5403973176562068
KEGG_LEISHMANIA_INFECTION	CTRL2	-0.4976550559193034
KEGG_LEISHMANIA_INFECTION	CTRL3	-0.5596914143538441
KEGG_LEISHMANIA_INFECTION	Treated1	-0.5143349293966653
KEGG_LEISHMANIA_INFECTION	Treated2	-0.6334383122122942
KEGG_LEISHMANIA_INFECTION	Treated3	-0.3178994194653755
KEGG_LEUKOCYTE_TRANSENDOTHELIAL_MIGRATION	CTRL1	-0.18133769629837038
KEGG_LEUKOCYTE_TRANSENDOTHELIAL_MIGRATION	CTRL2	-0.01204697206312022
KEGG_LEUKOCYTE_TRANSENDOTHELIAL_MIGRATION	CTRL3	0.2550254250836984
KEGG_LEUKOCYTE_TRANSENDOTHELIAL_MIGRATION	Treated1	-0.1714677691862484
KEGG_LEUKOCYTE_TRANSENDOTHELIAL_MIGRATION	Treated2	-0.11902288578564876
KEGG_LEUKOCYTE_TRANSENDOTHELIAL_MIGRATION	Treated3	-0.0589333771008137
KEGG_LIMONENE_AND_PINENE_DEGRADATION	CTRL1	0.44337970726771064
KEGG_LIMONENE_AND_PINENE_DEGRADATION	CTRL2	0.4174908591706197
KEGG_LIMONENE_AND_PINENE_DEGRADATION	CTRL3	0.5955103829537974
KEGG_LIMONENE_AND_PINENE_DEGRADATION	Treated1	-0.4106110006704054
KEGG_LIMONENE_AND_PINENE_DEGRADATION	Treated2	-0.6887769106834927
KEGG_LIMONENE_AND_PINENE_DEGRADATION	Treated3	-0.11235830184480897
KEGG_LINOLEIC_ACID_METABOLISM	CTRL1	0.6933240827658455
KEGG_LINOLEIC_ACID_METABOLISM	CTRL2	0.4402379212098635
KEGG_LINOLEIC_ACID_METABOLISM	CTRL3	-0.21494789485153365
KEGG_LINOLEIC_ACID_METABOLISM	Treated1	0.5064950693377224
KEGG_LINOLEIC_ACID_METABOLISM	Treated2	-0.5252487722112755
KEGG_LINOLEIC_ACID_METABOLISM	Treated3	-0.7764728053984918
KEGG_LONG_TERM_DEPRESSION	CTRL1	0.08821695991214368
KEGG_LONG_TERM_DEPRESSION	CTRL2	0.3984223619779991
KEGG_LONG_TERM_DEPRESSION	CTRL3	-0.07608275631828827
KEGG_LONG_TERM_DEPRESSION	Treated1	-0.1836704288878481
KEGG_LONG_TERM_DEPRESSION	Treated2	-0.2556024720199055
KEGG_LONG_TERM_DEPRESSION	Treated3	-0.12904289306521488
KEGG_LONG_TERM_POTENTIATION	CTRL1	-0.15214809572061744
KEGG_LONG_TERM_POTENTIATION	CTRL2	0.18630655222368117
KEGG_LONG_TERM_POTENTIATION	CTRL3	0.12240626849555486
KEGG_LONG_TERM_POTENTIATION	Treated1	-0.3024511399719741
KEGG_LONG_TERM_POTENTIATION	Treated2	-0.25817876337831763
KEGG_LONG_TERM_POTENTIATION	Treated3	-0.26529573634132175
KEGG_LYSINE_DEGRADATION	CTRL1	-0.106015702396245
KEGG_LYSINE_DEGRADATION	CTRL2	0.1051865454094003
KEGG_LYSINE_DEGRADATION	CTRL3	0.04312241761911417
KEGG_LYSINE_DEGRADATION	Treated1	-0.475268511999548
KEGG_LYSINE_DEGRADATION	Treated2	-0.44272522626792754
KEGG_LYSINE_DEGRADATION	Treated3	-0.10361545450693511
KEGG_LYSOSOME	CTRL1	-0.3478357267415072
KEGG_LYSOSOME	CTRL2	-0.15046088891671433
KEGG_LYSOSOME	CTRL3	0.0028675900685464495
KEGG_LYSOSOME	Treated1	-0.38977924221145477
KEGG_LYSOSOME	Treated2	-0.22853169821443764
KEGG_LYSOSOME	Treated3	-0.005707228429901179
KEGG_MAPK_SIGNALING_PATHWAY	CTRL1	-0.1452883004956019
KEGG_MAPK_SIGNALING_PATHWAY	CTRL2	-0.03421739448073782
KEGG_MAPK_SIGNALING_PATHWAY	CTRL3	-0.022246059128864543
KEGG_MAPK_SIGNALING_PATHWAY	Treated1	-0.22480447397672987
KEGG_MAPK_SIGNALING_PATHWAY	Treated2	-0.21777095850459552
KEGG_MAPK_SIGNALING_PATHWAY	Treated3	-0.03628147664567741
KEGG_MATURITY_ONSET_DIABETES_OF_THE_YOUNG	CTRL1	0.7350017335545604
KEGG_MATURITY_ONSET_DIABETES_OF_THE_YOUNG	CTRL2	0.5687915573149431
KEGG_MATURITY_ONSET_DIABETES_OF_THE_YOUNG	CTRL3	-0.08720296181877346
KEGG_MATURITY_ONSET_DIABETES_OF_THE_YOUNG	Treated1	0.010071968211542492
KEGG_MATURITY_ONSET_DIABETES_OF_THE_YOUNG	Treated2	-0.3231077025676111
KEGG_MATURITY_ONSET_DIABETES_OF_THE_YOUNG	Treated3	-0.884961653884694
KEGG_MELANOGENESIS	CTRL1	0.08697502302783591
KEGG_MELANOGENESIS	CTRL2	0.1805347571551155
KEGG_MELANOGENESIS	CTRL3	0.11887327769268045
KEGG_MELANOGENESIS	Treated1	-0.26326885871457123
KEGG_MELANOGENESIS	Treated2	-0.3851157300521166
KEGG_MELANOGENESIS	Treated3	-0.2647645211548327
KEGG_MELANOMA	CTRL1	0.10857415028415679
KEGG_MELANOMA	CTRL2	0.16070813065799228
KEGG_MELANOMA	CTRL3	0.14761322512153718
KEGG_MELANOMA	Treated1	-0.3566061472615022
KEGG_MELANOMA	Treated2	-0.3648276387015577
KEGG_MELANOMA	Treated3	-0.2534725140962291
KEGG_METABOLISM_OF_XENOBIOTICS_BY_CYTOCHROME_P450	CTRL1	0.5925269260485723
KEGG_METABOLISM_OF_XENOBIOTICS_BY_CYTOCHROME_P450	CTRL2	0.5686299361543663
KEGG_METABOLISM_OF_XENOBIOTICS_BY_CYTOCHROME_P450	CTRL3	-0.12436939575357314
KEGG_METABOLISM_OF_XENOBIOTICS_BY_CYTOCHROME_P450	Treated1	-0.03603049584351942
KEGG_METABOLISM_OF_XENOBIOTICS_BY_CYTOCHROME_P450	Treated2	-0.6318566515338621
KEGG_METABOLISM_OF_XENOBIOTICS_BY_CYTOCHROME_P450	Treated3	-0.5588967117347345
KEGG_MISMATCH_REPAIR	CTRL1	-0.27760758443197164
KEGG_MISMATCH_REPAIR	CTRL2	0.12650745886769146
KEGG_MISMATCH_REPAIR	CTRL3	0.3503786090881418
KEGG_MISMATCH_REPAIR	Treated1	-0.45138559928839417
KEGG_MISMATCH_REPAIR	Treated2	-0.259424806871001
KEGG_MISMATCH_REPAIR	Treated3	-0.0650305876029145
KEGG_MTOR_SIGNALING_PATHWAY	CTRL1	0.18921942041779377
KEGG_MTOR_SIGNALING_PATHWAY	CTRL2	0.256298451032754
KEGG_MTOR_SIGNALING_PATHWAY	CTRL3	0.249515320738168
KEGG_MTOR_SIGNALING_PATHWAY	Treated1	-0.3277369462752003
KEGG_MTOR_SIGNALING_PATHWAY	Treated2	-0.2883880752690532
KEGG_MTOR_SIGNALING_PATHWAY	Treated3	-0.3523280337312641
KEGG_N_GLYCAN_BIOSYNTHESIS	CTRL1	-0.4894395706943101
KEGG_N_GLYCAN_BIOSYNTHESIS	CTRL2	0.05600792845436084
KEGG_N_GLYCAN_BIOSYNTHESIS	CTRL3	0.08241413631039807
KEGG_N_GLYCAN_BIOSYNTHESIS	Treated1	0.1283407267700511
KEGG_N_GLYCAN_BIOSYNTHESIS	Treated2	0.19559474798215076
KEGG_N_GLYCAN_BIOSYNTHESIS	Treated3	0.2355699141539344
KEGG_NATURAL_KILLER_CELL_MEDIATED_CYTOTOXICITY	CTRL1	-0.21622775246966486
KEGG_NATURAL_KILLER_CELL_MEDIATED_CYTOTOXICITY	CTRL2	-0.2432166641876065
KEGG_NATURAL_KILLER_CELL_MEDIATED_CYTOTOXICITY	CTRL3	-0.24697565888740672
KEGG_NATURAL_KILLER_CELL_MEDIATED_CYTOTOXICITY	Treated1	-0.26696239386289783
KEGG_NATURAL_KILLER_CELL_MEDIATED_CYTOTOXICITY	Treated2	-0.23622628758652628
KEGG_NATURAL_KILLER_CELL_MEDIATED_CYTOTOXICITY	Treated3	-0.4375380397983073
KEGG_NEUROACTIVE_LIGAND_RECEPTOR_INTERACTION	CTRL1	0.21231730737879664
KEGG_NEUROACTIVE_LIGAND_RECEPTOR_INTERACTION	CTRL2	-0.18630211497007168
KEGG_NEUROACTIVE_LIGAND_RECEPTOR_INTERACTION	CTRL3	-0.3644023041087021
KEGG_NEUROACTIVE_LIGAND_RECEPTOR_INTERACTION	Treated1	0.14529139627693033
KEGG_NEUROACTIVE_LIGAND_RECEPTOR_INTERACTION	Treated2	-0.028797087400938587
KEGG_NEUROACTIVE_LIGAND_RECEPTOR_INTERACTION	Treated3	-0.11766410187035392
KEGG_NEUROTROPHIN_SIGNALING_PATHWAY	CTRL1	-0.0012855916670519996
KEGG_NEUROTROPHIN_SIGNALING_PATHWAY	CTRL2	0.19347189714692098
KEGG_NEUROTROPHIN_SIGNALING_PATHWAY	CTRL3	0.28960798014589406
KEGG_NEUROTROPHIN_SIGNALING_PATHWAY	Treated1	-0.3743093286285213
KEGG_NEUROTROPHIN_SIGNALING_PATHWAY	Treated2	-0.34801471292608355
KEGG_NEUROTROPHIN_SIGNALING_PATHWAY	Treated3	-0.18200989495721498
KEGG_NICOTINATE_AND_NICOTINAMIDE_METABOLISM	CTRL1	0.30786504265819686
KEGG_NICOTINATE_AND_NICOTINAMIDE_METABOLISM	CTRL2	0.45678920131005585
KEGG_NICOTINATE_AND_NICOTINAMIDE_METABOLISM	CTRL3	0.2082352840387487
KEGG_NICOTINATE_AND_NICOTINAMIDE_METABOLISM	Treated1	-0.4444458781109021
KEGG_NICOTINATE_AND_NICOTINAMIDE_METABOLISM	Treated2	-0.420267310719706
KEGG_NICOTINATE_AND_NICOTINAMIDE_METABOLISM	Treated3	-0.22100354260551555
KEGG_NITROGEN_METABOLISM	CTRL1	0.4867899370149086
KEGG_NITROGEN_METABOLISM	CTRL2	0.35037767250552304
KEGG_NITROGEN_METABOLISM	CTRL3	-0.04158477830856064
KEGG_NITROGEN_METABOLISM	Treated1	-0.07009000953785133
KEGG_NITROGEN_METABOLISM	Treated2	-0.5774520858819173
KEGG_NITROGEN_METABOLISM	Treated3	-0.4459237630308337
KEGG_NOD_LIKE_RECEPTOR_SIGNALING_PATHWAY	CTRL1	-0.3437648128250935
KEGG_NOD_LIKE_RECEPTOR_SIGNALING_PATHWAY	CTRL2	-0.33974174255676637
KEGG_NOD_LIKE_RECEPTOR_SIGNALING_PATHWAY	CTRL3	-0.3320874598530788
KEGG_NOD_LIKE_RECEPTOR_SIGNALING_PATHWAY	Treated1	0.0716736701907606
KEGG_NOD_LIKE_RECEPTOR_SIGNALING_PATHWAY	Treated2	0.12114798756400916
KEGG_NOD_LIKE_RECEPTOR_SIGNALING_PATHWAY	Treated3	0.0567467291879471
KEGG_NON_HOMOLOGOUS_END_JOINING	CTRL1	-0.637621487631431
KEGG_NON_HOMOLOGOUS_END_JOINING	CTRL2	-0.373530336907281
KEGG_NON_HOMOLOGOUS_END_JOINING	CTRL3	0.32334330691965246
KEGG_NON_HOMOLOGOUS_END_JOINING	Treated1	0.31533284884688906
KEGG_NON_HOMOLOGOUS_END_JOINING	Treated2	0.41440840321864525
KEGG_NON_HOMOLOGOUS_END_JOINING	Treated3	0.5570658598137515
KEGG_NON_SMALL_CELL_LUNG_CANCER	CTRL1	-0.3771242108262515
KEGG_NON_SMALL_CELL_LUNG_CANCER	CTRL2	-0.024695708519895304
KEGG_NON_SMALL_CELL_LUNG_CANCER	CTRL3	0.0323539559198415
KEGG_NON_SMALL_CELL_LUNG_CANCER	Treated1	-0.41944940586044155
KEGG_NON_SMALL_CELL_LUNG_CANCER	Treated2	-0.3369371079422641
KEGG_NON_SMALL_CELL_LUNG_CANCER	Treated3	-0.3388127535056854
KEGG_NOTCH_SIGNALING_PATHWAY	CTRL1	-0.026594157150191505
KEGG_NOTCH_SIGNALING_PATHWAY	CTRL2	0.014526502809901087
KEGG_NOTCH_SIGNALING_PATHWAY	CTRL3	0.3672908699236817
KEGG_NOTCH_SIGNALING_PATHWAY	Treated1	-0.30906818155197113
KEGG_NOTCH_SIGNALING_PATHWAY	Treated2	0.027249308918948514
KEGG_NOTCH_SIGNALING_PATHWAY	Treated3	-0.14620979696727246
KEGG_NUCLEOTIDE_EXCISION_REPAIR	CTRL1	0.04959817754292595
KEGG_NUCLEOTIDE_EXCISION_REPAIR	CTRL2	-0.23901342233120842
KEGG_NUCLEOTIDE_EXCISION_REPAIR	CTRL3	0.05517945558924847
KEGG_NUCLEOTIDE_EXCISION_REPAIR	Treated1	-0.37871923461025814
KEGG_NUCLEOTIDE_EXCISION_REPAIR	Treated2	-0.3452906621868378
KEGG_NUCLEOTIDE_EXCISION_REPAIR	Treated3	-0.049263786961888656
KEGG_O_GLYCAN_BIOSYNTHESIS	CTRL1	0.23800673787085228
KEGG_O_GLYCAN_BIOSYNTHESIS	CTRL2	0.08821850718689841
KEGG_O_GLYCAN_BIOSYNTHESIS	CTRL3	0.04367500262945073
KEGG_O_GLYCAN_BIOSYNTHESIS	Treated1	-0.4248388855061408
KEGG_O_GLYCAN_BIOSYNTHESIS	Treated2	-0.4413211921075473
KEGG_O_GLYCAN_BIOSYNTHESIS	Treated3	0.07957428333515167
KEGG_OLFACTORY_TRANSDUCTION	CTRL1	0.1476090994054858
KEGG_OLFACTORY_TRANSDUCTION	CTRL2	0.16078050897227186
KEGG_OLFACTORY_TRANSDUCTION	CTRL3	-0.11923366750450759
KEGG_OLFACTORY_TRANSDUCTION	Treated1	0.016898863514880513
KEGG_OLFACTORY_TRANSDUCTION	Treated2	-0.5970254372730138
KEGG_OLFACTORY_TRANSDUCTION	Treated3	-0.05313930566205599
KEGG_ONE_CARBON_POOL_BY_FOLATE	CTRL1	0.133438376120156
KEGG_ONE_CARBON_POOL_BY_FOLATE	CTRL2	0.3904365955336345
KEGG_ONE_CARBON_POOL_BY_FOLATE	CTRL3	0.3980107277227735
KEGG_ONE_CARBON_POOL_BY_FOLATE	Treated1	-0.5290656159636308
KEGG_ONE_CARBON_POOL_BY_FOLATE	Treated2	-0.5081415426006147
KEGG_ONE_CARBON_POOL_BY_FOLATE	Treated3	-0.5328153717952787
KEGG_OOCYTE_MEIOSIS	CTRL1	-0.046471830470749015
KEGG_OOCYTE_MEIOSIS	CTRL2	0.290786447139812
KEGG_OOCYTE_MEIOSIS	CTRL3	0.2317401840281209
KEGG_OOCYTE_MEIOSIS	Treated1	-0.45873905310744434
KEGG_OOCYTE_MEIOSIS	Treated2	-0.26965396451749374
KEGG_OOCYTE_MEIOSIS	Treated3	-0.2170246742089216
KEGG_OTHER_GLYCAN_DEGRADATION	CTRL1	-0.6889904746408154
KEGG_OTHER_GLYCAN_DEGRADATION	CTRL2	-0.5568489943191013
KEGG_OTHER_GLYCAN_DEGRADATION	CTRL3	-0.4893822924867097
KEGG_OTHER_GLYCAN_DEGRADATION	Treated1	-0.6867946190659662
KEGG_OTHER_GLYCAN_DEGRADATION	Treated2	-0.5196981444207455
KEGG_OTHER_GLYCAN_DEGRADATION	Treated3	-0.4162917060093374
KEGG_OXIDATIVE_PHOSPHORYLATION	CTRL1	-0.3287294568900644
KEGG_OXIDATIVE_PHOSPHORYLATION	CTRL2	-0.36544801936422394
KEGG_OXIDATIVE_PHOSPHORYLATION	CTRL3	0.04700834159631445
KEGG_OXIDATIVE_PHOSPHORYLATION	Treated1	-0.09084034969386642
KEGG_OXIDATIVE_PHOSPHORYLATION	Treated2	-0.3184186275241194
KEGG_OXIDATIVE_PHOSPHORYLATION	Treated3	-0.2051743656007652
KEGG_P53_SIGNALING_PATHWAY	CTRL1	-0.08260541873534752
KEGG_P53_SIGNALING_PATHWAY	CTRL2	0.08768404666014726
KEGG_P53_SIGNALING_PATHWAY	CTRL3	-0.08133792678859633
KEGG_P53_SIGNALING_PATHWAY	Treated1	-0.17161923092865583
KEGG_P53_SIGNALING_PATHWAY	Treated2	-0.0038738334953438425
KEGG_P53_SIGNALING_PATHWAY	Treated3	0.06501267173550015
KEGG_PANCREATIC_CANCER	CTRL1	0.06333371709015576
KEGG_PANCREATIC_CANCER	CTRL2	0.1434674558448552
KEGG_PANCREATIC_CANCER	CTRL3	0.2887839259917488
KEGG_PANCREATIC_CANCER	Treated1	-0.4027301602494687
KEGG_PANCREATIC_CANCER	Treated2	-0.3131450418590904
KEGG_PANCREATIC_CANCER	Treated3	-0.31386815370009286
KEGG_PANTOTHENATE_AND_COA_BIOSYNTHESIS	CTRL1	0.3680745892043249
KEGG_PANTOTHENATE_AND_COA_BIOSYNTHESIS	CTRL2	0.2733064793206915
KEGG_PANTOTHENATE_AND_COA_BIOSYNTHESIS	CTRL3	0.012816227198310798
KEGG_PANTOTHENATE_AND_COA_BIOSYNTHESIS	Treated1	-0.36995641231508053
KEGG_PANTOTHENATE_AND_COA_BIOSYNTHESIS	Treated2	-0.331616208807846
KEGG_PANTOTHENATE_AND_COA_BIOSYNTHESIS	Treated3	-0.20433929808534632
KEGG_PARKINSONS_DISEASE	CTRL1	0.14903595821005722
KEGG_PARKINSONS_DISEASE	CTRL2	-0.019808018127779214
KEGG_PARKINSONS_DISEASE	CTRL3	0.24728007256020818
KEGG_PARKINSONS_DISEASE	Treated1	0.005200933770511895
KEGG_PARKINSONS_DISEASE	Treated2	-0.41640880320370827
KEGG_PARKINSONS_DISEASE	Treated3	-0.08360384311752761
KEGG_PATHOGENIC_ESCHERICHIA_COLI_INFECTION	CTRL1	-0.15661506466203545
KEGG_PATHOGENIC_ESCHERICHIA_COLI_INFECTION	CTRL2	-0.01283848690038672
KEGG_PATHOGENIC_ESCHERICHIA_COLI_INFECTION	CTRL3	0.00502954898975827
KEGG_PATHOGENIC_ESCHERICHIA_COLI_INFECTION	Treated1	-0.44014401110349627
KEGG_PATHOGENIC_ESCHERICHIA_COLI_INFECTION	Treated2	-0.45353630590723104
KEGG_PATHOGENIC_ESCHERICHIA_COLI_INFECTION	Treated3	-0.08973251514012154
KEGG_PATHWAYS_IN_CANCER	CTRL1	0.0515704289516678
KEGG_PATHWAYS_IN_CANCER	CTRL2	0.050713270770083
KEGG_PATHWAYS_IN_CANCER	CTRL3	0.18119445430333522
KEGG_PATHWAYS_IN_CANCER	Treated1	-0.22648242573944397
KEGG_PATHWAYS_IN_CANCER	Treated2	-0.25130765715705405
KEGG_PATHWAYS_IN_CANCER	Treated3	-0.25092655862544677
KEGG_PENTOSE_AND_GLUCURONATE_INTERCONVERSIONS	CTRL1	0.6011851334200113
KEGG_PENTOSE_AND_GLUCURONATE_INTERCONVERSIONS	CTRL2	0.4030849834958484
KEGG_PENTOSE_AND_GLUCURONATE_INTERCONVERSIONS	CTRL3	-0.15120242295793077
KEGG_PENTOSE_AND_GLUCURONATE_INTERCONVERSIONS	Treated1	-0.1350561677053218
KEGG_PENTOSE_AND_GLUCURONATE_INTERCONVERSIONS	Treated2	-0.616163514002166
KEGG_PENTOSE_AND_GLUCURONATE_INTERCONVERSIONS	Treated3	-0.6123996617645435
KEGG_PENTOSE_PHOSPHATE_PATHWAY	CTRL1	0.2452399530189992
KEGG_PENTOSE_PHOSPHATE_PATHWAY	CTRL2	0.32714166469698125
KEGG_PENTOSE_PHOSPHATE_PATHWAY	CTRL3	0.33528294424239735
KEGG_PENTOSE_PHOSPHATE_PATHWAY	Treated1	-0.2896013785813826
KEGG_PENTOSE_PHOSPHATE_PATHWAY	Treated2	-0.5111108090261707
KEGG_PENTOSE_PHOSPHATE_PATHWAY	Treated3	-0.383073268666761
KEGG_PEROXISOME	CTRL1	0.19310730140439242
KEGG_PEROXISOME	CTRL2	0.07651486734140847
KEGG_PEROXISOME	CTRL3	0.011131089431423102
KEGG_PEROXISOME	Treated1	-0.33548799663993045
KEGG_PEROXISOME	Treated2	-0.4559778635706161
KEGG_PEROXISOME	Treated3	-0.1536836619680903
KEGG_PHENYLALANINE_METABOLISM	CTRL1	0.19073451284099457
KEGG_PHENYLALANINE_METABOLISM	CTRL2	0.26075282183218185
KEGG_PHENYLALANINE_METABOLISM	CTRL3	-0.0908737702558971
KEGG_PHENYLALANINE_METABOLISM	Treated1	-0.15481649495867433
KEGG_PHENYLALANINE_METABOLISM	Treated2	-0.33374208324037835
KEGG_PHENYLALANINE_METABOLISM	Treated3	-0.460689196803062
KEGG_PHOSPHATIDYLINOSITOL_SIGNALING_SYSTEM	CTRL1	0.27185149804281
KEGG_PHOSPHATIDYLINOSITOL_SIGNALING_SYSTEM	CTRL2	0.3411510064434225
KEGG_PHOSPHATIDYLINOSITOL_SIGNALING_SYSTEM	CTRL3	0.3502311226325557
KEGG_PHOSPHATIDYLINOSITOL_SIGNALING_SYSTEM	Treated1	-0.4929235820819194
KEGG_PHOSPHATIDYLINOSITOL_SIGNALING_SYSTEM	Treated2	-0.5028070420108716
KEGG_PHOSPHATIDYLINOSITOL_SIGNALING_SYSTEM	Treated3	-0.4686474977253593
KEGG_PORPHYRIN_AND_CHLOROPHYLL_METABOLISM	CTRL1	0.3387630821812385
KEGG_PORPHYRIN_AND_CHLOROPHYLL_METABOLISM	CTRL2	0.3338377452654089
KEGG_PORPHYRIN_AND_CHLOROPHYLL_METABOLISM	CTRL3	0.3107646054265836
KEGG_PORPHYRIN_AND_CHLOROPHYLL_METABOLISM	Treated1	-0.06311985050551405
KEGG_PORPHYRIN_AND_CHLOROPHYLL_METABOLISM	Treated2	-0.5029978901443188
KEGG_PORPHYRIN_AND_CHLOROPHYLL_METABOLISM	Treated3	-0.24871579914899292
KEGG_PPAR_SIGNALING_PATHWAY	CTRL1	0.05889411800713404
KEGG_PPAR_SIGNALING_PATHWAY	CTRL2	0.16144510314509833
KEGG_PPAR_SIGNALING_PATHWAY	CTRL3	0.06306694995037249
KEGG_PPAR_SIGNALING_PATHWAY	Treated1	-0.36014760054546885
KEGG_PPAR_SIGNALING_PATHWAY	Treated2	-0.4793555819557337
KEGG_PPAR_SIGNALING_PATHWAY	Treated3	-0.4767558588922455
KEGG_PRIMARY_BILE_ACID_BIOSYNTHESIS	CTRL1	0.6112475319301605
KEGG_PRIMARY_BILE_ACID_BIOSYNTHESIS	CTRL2	0.7505990005329513
KEGG_PRIMARY_BILE_ACID_BIOSYNTHESIS	CTRL3	0.08641517510165389
KEGG_PRIMARY_BILE_ACID_BIOSYNTHESIS	Treated1	-0.1536885340471135
KEGG_PRIMARY_BILE_ACID_BIOSYNTHESIS	Treated2	-0.52340284380916835
KEGG_PRIMARY_BILE_ACID_BIOSYNTHESIS	Treated3	-0.6435146784899798
KEGG_PRIMARY_IMMUNODEFICIENCY	CTRL1	-0.38959363121607127
KEGG_PRIMARY_IMMUNODEFICIENCY	CTRL2	-0.43510285653163583
KEGG_PRIMARY_IMMUNODEFICIENCY	CTRL3	-0.2875637808734499
KEGG_PRIMARY_IMMUNODEFICIENCY	Treated1	-0.6515474212383953
KEGG_PRIMARY_IMMUNODEFICIENCY	Treated2	-0.2806827130040052
KEGG_PRIMARY_IMMUNODEFICIENCY	Treated3	-0.2921021619297504
KEGG_PRION_DISEASES	CTRL1	0.31071481080575986
KEGG_PRION_DISEASES	CTRL2	0.3319032043254254
KEGG_PRION_DISEASES	CTRL3	-0.12941002709340566
KEGG_PRION_DISEASES	Treated1	-0.017494713018326613
KEGG_PRION_DISEASES	Treated2	-0.45899495814820374
KEGG_PRION_DISEASES	Treated3	-0.3171957001921478
KEGG_PROGESTERONE_MEDIATED_OOCYTE_MATURATION	CTRL1	0.1246261058590353
KEGG_PROGESTERONE_MEDIATED_OOCYTE_MATURATION	CTRL2	0.2725374017903388
KEGG_PROGESTERONE_MEDIATED_OOCYTE_MATURATION	CTRL3	0.23418058465467795
KEGG_PROGESTERONE_MEDIATED_OOCYTE_MATURATION	Treated1	-0.4512130134533676
KEGG_PROGESTERONE_MEDIATED_OOCYTE_MATURATION	Treated2	-0.41796126357842517
KEGG_PROGESTERONE_MEDIATED_OOCYTE_MATURATION	Treated3	-0.4342370408870377
KEGG_PROPANOATE_METABOLISM	CTRL1	0.2943009054829921
KEGG_PROPANOATE_METABOLISM	CTRL2	0.31330780485274823
KEGG_PROPANOATE_METABOLISM	CTRL3	0.3667196072454127
KEGG_PROPANOATE_METABOLISM	Treated1	-0.3981965394121435
KEGG_PROPANOATE_METABOLISM	Treated2	-0.640643805597778
KEGG_PROPANOATE_METABOLISM	Treated3	-0.24027125077542133
KEGG_PROSTATE_CANCER	CTRL1	0.14662602215027531
KEGG_PROSTATE_CANCER	CTRL2	0.2893067713639099
KEGG_PROSTATE_CANCER	CTRL3	0.30630580285120224
KEGG_PROSTATE_CANCER	Treated1	-0.3936605487563315
KEGG_PROSTATE_CANCER	Treated2	-0.3555449211263553
KEGG_PROSTATE_CANCER	Treated3	-0.3885992113624709
KEGG_PROTEASOME	CTRL1	-0.661061196398106
KEGG_PROTEASOME	CTRL2	-0.29276895311272877
KEGG_PROTEASOME	CTRL3	-0.14691905457686494
KEGG_PROTEASOME	Treated1	-0.6256783878669494
KEGG_PROTEASOME	Treated2	-0.5895780651641634
KEGG_PROTEASOME	Treated3	-0.5878636696628444
KEGG_PROTEIN_EXPORT	CTRL1	-0.5351935138586412
KEGG_PROTEIN_EXPORT	CTRL2	0.08601432324252883
KEGG_PROTEIN_EXPORT	CTRL3	0.17755290968414017
KEGG_PROTEIN_EXPORT	Treated1	-0.35891435538494165
KEGG_PROTEIN_EXPORT	Treated2	0.1588515233689244
KEGG_PROTEIN_EXPORT	Treated3	0.3876427410700412
KEGG_PROXIMAL_TUBULE_BICARBONATE_RECLAMATION	CTRL1	0.0873336646262158
KEGG_PROXIMAL_TUBULE_BICARBONATE_RECLAMATION	CTRL2	0.04940538565299463
KEGG_PROXIMAL_TUBULE_BICARBONATE_RECLAMATION	CTRL3	0.27701777743172395
KEGG_PROXIMAL_TUBULE_BICARBONATE_RECLAMATION	Treated1	-0.32736212466280157
KEGG_PROXIMAL_TUBULE_BICARBONATE_RECLAMATION	Treated2	-0.49623808274712744
KEGG_PROXIMAL_TUBULE_BICARBONATE_RECLAMATION	Treated3	-0.3933127110682178
KEGG_PURINE_METABOLISM	CTRL1	0.21157444407521087
KEGG_PURINE_METABOLISM	CTRL2	0.22461492986628218
KEGG_PURINE_METABOLISM	CTRL3	0.10988650235279104
KEGG_PURINE_METABOLISM	Treated1	-0.2846906668192574
KEGG_PURINE_METABOLISM	Treated2	-0.30053287717595123
KEGG_PURINE_METABOLISM	Treated3	-0.19506565003836546
KEGG_PYRIMIDINE_METABOLISM	CTRL1	-0.10373925133687667
KEGG_PYRIMIDINE_METABOLISM	CTRL2	0.1601171187264135
KEGG_PYRIMIDINE_METABOLISM	CTRL3	0.10884830316355985
KEGG_PYRIMIDINE_METABOLISM	Treated1	-0.4086555441249293
KEGG_PYRIMIDINE_METABOLISM	Treated2	-0.20215109674545606
KEGG_PYRIMIDINE_METABOLISM	Treated3	-0.1290643191135893
KEGG_PYRUVATE_METABOLISM	CTRL1	0.35705746248353804
KEGG_PYRUVATE_METABOLISM	CTRL2	0.3573533034057478
KEGG_PYRUVATE_METABOLISM	CTRL3	0.2484429290983708
KEGG_PYRUVATE_METABOLISM	Treated1	-0.31719693319786685
KEGG_PYRUVATE_METABOLISM	Treated2	-0.5451257840257412
KEGG_PYRUVATE_METABOLISM	Treated3	-0.4564989837470583
KEGG_REGULATION_OF_ACTIN_CYTOSKELETON	CTRL1	-0.03447262146930147
KEGG_REGULATION_OF_ACTIN_CYTOSKELETON	CTRL2	0.13001826241043746
KEGG_REGULATION_OF_ACTIN_CYTOSKELETON	CTRL3	0.20340071883923969
KEGG_REGULATION_OF_ACTIN_CYTOSKELETON	Treated1	-0.28466234844883875
KEGG_REGULATION_OF_ACTIN_CYTOSKELETON	Treated2	-0.22429888195754832
KEGG_REGULATION_OF_ACTIN_CYTOSKELETON	Treated3	-0.1916172474111335
KEGG_REGULATION_OF_AUTOPHAGY	CTRL1	0.10215541589629543
KEGG_REGULATION_OF_AUTOPHAGY	CTRL2	0.30103857621902785
KEGG_REGULATION_OF_AUTOPHAGY	CTRL3	0.1922493798244642
KEGG_REGULATION_OF_AUTOPHAGY	Treated1	-0.36140016970524147
KEGG_REGULATION_OF_AUTOPHAGY	Treated2	-0.2999596190355288
KEGG_REGULATION_OF_AUTOPHAGY	Treated3	0.17109505280711781
KEGG_RENAL_CELL_CARCINOMA	CTRL1	-0.14275379407763078
KEGG_RENAL_CELL_CARCINOMA	CTRL2	-0.06527345386789098
KEGG_RENAL_CELL_CARCINOMA	CTRL3	0.19707720577466545
KEGG_RENAL_CELL_CARCINOMA	Treated1	-0.07032380965715618
KEGG_RENAL_CELL_CARCINOMA	Treated2	-0.21456786185982904
KEGG_RENAL_CELL_CARCINOMA	Treated3	0.07361111442122126
KEGG_RENIN_ANGIOTENSIN_SYSTEM	CTRL1	0.3975408978669369
KEGG_RENIN_ANGIOTENSIN_SYSTEM	CTRL2	0.18800835030226423
KEGG_RENIN_ANGIOTENSIN_SYSTEM	CTRL3	0.24988773699448769
KEGG_RENIN_ANGIOTENSIN_SYSTEM	Treated1	0.05770113922175499
KEGG_RENIN_ANGIOTENSIN_SYSTEM	Treated2	-0.6922931094251018
KEGG_RENIN_ANGIOTENSIN_SYSTEM	Treated3	-0.6441773227863159
KEGG_RETINOL_METABOLISM	CTRL1	0.4871073687340134
KEGG_RETINOL_METABOLISM	CTRL2	0.4491561615460047
KEGG_RETINOL_METABOLISM	CTRL3	-0.37299090966222237
KEGG_RETINOL_METABOLISM	Treated1	0.22508101109748088
KEGG_RETINOL_METABOLISM	Treated2	-0.6645637508161125
KEGG_RETINOL_METABOLISM	Treated3	-0.516183370116006
KEGG_RIBOFLAVIN_METABOLISM	CTRL1	0.2532469005616068
KEGG_RIBOFLAVIN_METABOLISM	CTRL2	0.514368732939896
KEGG_RIBOFLAVIN_METABOLISM	CTRL3	0.45276199268031053
KEGG_RIBOFLAVIN_METABOLISM	Treated1	-0.4163433673370197
KEGG_RIBOFLAVIN_METABOLISM	Treated2	-0.5323422883219994
KEGG_RIBOFLAVIN_METABOLISM	Treated3	-0.45923896999293706
KEGG_RIBOSOME	CTRL1	-0.49628666618713735
KEGG_RIBOSOME	CTRL2	-0.31786898751275855
KEGG_RIBOSOME	CTRL3	0.025679669917658104
KEGG_RIBOSOME	Treated1	-0.41206004657350354
KEGG_RIBOSOME	Treated2	-0.18397926580085971
KEGG_RIBOSOME	Treated3	0.15308558556421661
KEGG_RIG_I_LIKE_RECEPTOR_SIGNALING_PATHWAY	CTRL1	-0.09437918065666798
KEGG_RIG_I_LIKE_RECEPTOR_SIGNALING_PATHWAY	CTRL2	-0.07670594780357662
KEGG_RIG_I_LIKE_RECEPTOR_SIGNALING_PATHWAY	CTRL3	-0.16922030452751952
KEGG_RIG_I_LIKE_RECEPTOR_SIGNALING_PATHWAY	Treated1	-0.07271138760312981
KEGG_RIG_I_LIKE_RECEPTOR_SIGNALING_PATHWAY	Treated2	-0.2715946584432808
KEGG_RIG_I_LIKE_RECEPTOR_SIGNALING_PATHWAY	Treated3	-0.06374361336622025
KEGG_RNA_DEGRADATION	CTRL1	-0.4169102695053559
KEGG_RNA_DEGRADATION	CTRL2	-0.18431678068622806
KEGG_RNA_DEGRADATION	CTRL3	-0.2931840102625726
KEGG_RNA_DEGRADATION	Treated1	-0.5121970431140119
KEGG_RNA_DEGRADATION	Treated2	-0.3707799872434979
KEGG_RNA_DEGRADATION	Treated3	-0.26847506024920015
KEGG_RNA_POLYMERASE	CTRL1	-0.17325929549462257
KEGG_RNA_POLYMERASE	CTRL2	-0.2554662035571543
KEGG_RNA_POLYMERASE	CTRL3	0.07056810495066676
KEGG_RNA_POLYMERASE	Treated1	-0.3411630434529106
KEGG_RNA_POLYMERASE	Treated2	-0.08757122295363598
KEGG_RNA_POLYMERASE	Treated3	-0.3813376593815115
KEGG_SELENOAMINO_ACID_METABOLISM	CTRL1	-0.20275891238787605
KEGG_SELENOAMINO_ACID_METABOLISM	CTRL2	0.3717307194283994
KEGG_SELENOAMINO_ACID_METABOLISM	CTRL3	-0.08328203821194713
KEGG_SELENOAMINO_ACID_METABOLISM	Treated1	-0.04787540376352578
KEGG_SELENOAMINO_ACID_METABOLISM	Treated2	-0.041174619752761515
KEGG_SELENOAMINO_ACID_METABOLISM	Treated3	0.04279824908310964
KEGG_SMALL_CELL_LUNG_CANCER	CTRL1	-0.12043986150704772
KEGG_SMALL_CELL_LUNG_CANCER	CTRL2	-0.15659545691163784
KEGG_SMALL_CELL_LUNG_CANCER	CTRL3	0.089528679435951
KEGG_SMALL_CELL_LUNG_CANCER	Treated1	-0.1520490414516238
KEGG_SMALL_CELL_LUNG_CANCER	Treated2	-0.24229096035028497
KEGG_SMALL_CELL_LUNG_CANCER	Treated3	-0.32189629213946824
KEGG_SNARE_INTERACTIONS_IN_VESICULAR_TRANSPORT	CTRL1	0.03549981618381681
KEGG_SNARE_INTERACTIONS_IN_VESICULAR_TRANSPORT	CTRL2	0.2639122942452608
KEGG_SNARE_INTERACTIONS_IN_VESICULAR_TRANSPORT	CTRL3	0.2740742462641305
KEGG_SNARE_INTERACTIONS_IN_VESICULAR_TRANSPORT	Treated1	-0.3206140594596673
KEGG_SNARE_INTERACTIONS_IN_VESICULAR_TRANSPORT	Treated2	-0.0850579714674427
KEGG_SNARE_INTERACTIONS_IN_VESICULAR_TRANSPORT	Treated3	-0.10819322142238041
KEGG_SPHINGOLIPID_METABOLISM	CTRL1	-0.52691841021733965
KEGG_SPHINGOLIPID_METABOLISM	CTRL2	-0.35895799304255693
KEGG_SPHINGOLIPID_METABOLISM	CTRL3	-0.2635471008594594
KEGG_SPHINGOLIPID_METABOLISM	Treated1	-0.6306689603949979
KEGG_SPHINGOLIPID_METABOLISM	Treated2	-0.5403635296658932
KEGG_SPHINGOLIPID_METABOLISM	Treated3	-0.4659467071190325
KEGG_SPLICEOSOME	CTRL1	-0.47058392970096014
KEGG_SPLICEOSOME	CTRL2	-0.2424690625390863
KEGG_SPLICEOSOME	CTRL3	0.2525560667058553
KEGG_SPLICEOSOME	Treated1	-0.41586353191780157
KEGG_SPLICEOSOME	Treated2	-0.15263851989718344
KEGG_SPLICEOSOME	Treated3	0.02019954642382893
KEGG_STARCH_AND_SUCROSE_METABOLISM	CTRL1	0.40035632287088074
KEGG_STARCH_AND_SUCROSE_METABOLISM	CTRL2	0.1891577594412834
KEGG_STARCH_AND_SUCROSE_METABOLISM	CTRL3	-0.07983913951927968
KEGG_STARCH_AND_SUCROSE_METABOLISM	Treated1	0.12798545797720848
KEGG_STARCH_AND_SUCROSE_METABOLISM	Treated2	-0.5457837478168743
KEGG_STARCH_AND_SUCROSE_METABOLISM	Treated3	-0.45635906691034084
KEGG_STEROID_BIOSYNTHESIS	CTRL1	-0.623265426637255
KEGG_STEROID_BIOSYNTHESIS	CTRL2	-0.4675119642042043
KEGG_STEROID_BIOSYNTHESIS	CTRL3	-0.22988806914497323
KEGG_STEROID_BIOSYNTHESIS	Treated1	-0.13969451350271492
KEGG_STEROID_BIOSYNTHESIS	Treated2	0.024470921268674395
KEGG_STEROID_BIOSYNTHESIS	Treated3	0.5001182563792751
KEGG_STEROID_HORMONE_BIOSYNTHESIS	CTRL1	0.6418065158423968
KEGG_STEROID_HORMONE_BIOSYNTHESIS	CTRL2	0.49775378666786874
KEGG_STEROID_HORMONE_BIOSYNTHESIS	CTRL3	-0.24728893816796338
KEGG_STEROID_HORMONE_BIOSYNTHESIS	Treated1	0.3069452785463327
KEGG_STEROID_HORMONE_BIOSYNTHESIS	Treated2	-0.6425106207507849
KEGG_STEROID_HORMONE_BIOSYNTHESIS	Treated3	-0.6123032724394304
KEGG_SULFUR_METABOLISM	CTRL1	0.654363681905805
KEGG_SULFUR_METABOLISM	CTRL2	0.7530259729122782
KEGG_SULFUR_METABOLISM	CTRL3	0.39889424714007554
KEGG_SULFUR_METABOLISM	Treated1	-0.39612136653960595
KEGG_SULFUR_METABOLISM	Treated2	-0.24546370683587632
KEGG_SULFUR_METABOLISM	Treated3	-0.7271472149819596
KEGG_SYSTEMIC_LUPUS_ERYTHEMATOSUS	CTRL1	-0.4453626235004593
KEGG_SYSTEMIC_LUPUS_ERYTHEMATOSUS	CTRL2	-0.430585394225244
KEGG_SYSTEMIC_LUPUS_ERYTHEMATOSUS	CTRL3	-0.317531901970839
KEGG_SYSTEMIC_LUPUS_ERYTHEMATOSUS	Treated1	-0.5405802517878238
KEGG_SYSTEMIC_LUPUS_ERYTHEMATOSUS	Treated2	-0.5985003204910833
KEGG_SYSTEMIC_LUPUS_ERYTHEMATOSUS	Treated3	-0.5439304218858775
KEGG_T_CELL_RECEPTOR_SIGNALING_PATHWAY	CTRL1	-0.16945091435058626
KEGG_T_CELL_RECEPTOR_SIGNALING_PATHWAY	CTRL2	0.08053044574291793
KEGG_T_CELL_RECEPTOR_SIGNALING_PATHWAY	CTRL3	-0.10291024043546755
KEGG_T_CELL_RECEPTOR_SIGNALING_PATHWAY	Treated1	-0.06659455165924763
KEGG_T_CELL_RECEPTOR_SIGNALING_PATHWAY	Treated2	-0.19254713882997254
KEGG_T_CELL_RECEPTOR_SIGNALING_PATHWAY	Treated3	0.019435966167691388
KEGG_TASTE_TRANSDUCTION	CTRL1	-0.21839220630014033
KEGG_TASTE_TRANSDUCTION	CTRL2	-0.6230402919624178
KEGG_TASTE_TRANSDUCTION	CTRL3	-0.8077202919444963
KEGG_TASTE_TRANSDUCTION	Treated1	-0.26920656473566296
KEGG_TASTE_TRANSDUCTION	Treated2	-0.28556457400082036
KEGG_TASTE_TRANSDUCTION	Treated3	-0.44673753952202067
KEGG_TAURINE_AND_HYPOTAURINE_METABOLISM	CTRL1	-0.2646078649188273
KEGG_TAURINE_AND_HYPOTAURINE_METABOLISM	CTRL2	-0.28889915861424953
KEGG_TAURINE_AND_HYPOTAURINE_METABOLISM	CTRL3	-0.8053572631250363
KEGG_TAURINE_AND_HYPOTAURINE_METABOLISM	Treated1	0.546907853485337
KEGG_TAURINE_AND_HYPOTAURINE_METABOLISM	Treated2	0.4302432907444437
KEGG_TAURINE_AND_HYPOTAURINE_METABOLISM	Treated3	0.5172058744646623
KEGG_TERPENOID_BACKBONE_BIOSYNTHESIS	CTRL1	-0.50136363380281
KEGG_TERPENOID_BACKBONE_BIOSYNTHESIS	CTRL2	0.12276413731808322
KEGG_TERPENOID_BACKBONE_BIOSYNTHESIS	CTRL3	0.2107634478608312
KEGG_TERPENOID_BACKBONE_BIOSYNTHESIS	Treated1	-0.5897637799624853
KEGG_TERPENOID_BACKBONE_BIOSYNTHESIS	Treated2	0.06135239801125231
KEGG_TERPENOID_BACKBONE_BIOSYNTHESIS	Treated3	0.4461565247940067
KEGG_TGF_BETA_SIGNALING_PATHWAY	CTRL1	-0.15190078769811255
KEGG_TGF_BETA_SIGNALING_PATHWAY	CTRL2	0.12325200612169485
KEGG_TGF_BETA_SIGNALING_PATHWAY	CTRL3	0.018051333087298005
KEGG_TGF_BETA_SIGNALING_PATHWAY	Treated1	0.026539764206034377
KEGG_TGF_BETA_SIGNALING_PATHWAY	Treated2	-0.23288779870565654
KEGG_TGF_BETA_SIGNALING_PATHWAY	Treated3	-0.11132985180891283
KEGG_THYROID_CANCER	CTRL1	-0.6303162965821809
KEGG_THYROID_CANCER	CTRL2	-0.31145086583168174
KEGG_THYROID_CANCER	CTRL3	-0.15254665474444673
KEGG_THYROID_CANCER	Treated1	-0.3440263973627723
KEGG_THYROID_CANCER	Treated2	-0.3273567005388509
KEGG_THYROID_CANCER	Treated3	-0.4213014476392193
KEGG_TIGHT_JUNCTION	CTRL1	-0.0861681728401745
KEGG_TIGHT_JUNCTION	CTRL2	-0.0014416818520467944
KEGG_TIGHT_JUNCTION	CTRL3	0.07145548710876193
KEGG_TIGHT_JUNCTION	Treated1	-0.34703143546402215
KEGG_TIGHT_JUNCTION	Treated2	-0.24407127832266445
KEGG_TIGHT_JUNCTION	Treated3	-0.2420201871946568
KEGG_TOLL_LIKE_RECEPTOR_SIGNALING_PATHWAY	CTRL1	-0.029895707218898143
KEGG_TOLL_LIKE_RECEPTOR_SIGNALING_PATHWAY	CTRL2	-0.016292551019434637
KEGG_TOLL_LIKE_RECEPTOR_SIGNALING_PATHWAY	CTRL3	-0.08357757273677749
KEGG_TOLL_LIKE_RECEPTOR_SIGNALING_PATHWAY	Treated1	-0.11991750667925075
KEGG_TOLL_LIKE_RECEPTOR_SIGNALING_PATHWAY	Treated2	-0.1770848260128986
KEGG_TOLL_LIKE_RECEPTOR_SIGNALING_PATHWAY	Treated3	-5.157560120634952e-4
KEGG_TRYPTOPHAN_METABOLISM	CTRL1	0.34835924265424034
KEGG_TRYPTOPHAN_METABOLISM	CTRL2	0.29655961981211443
KEGG_TRYPTOPHAN_METABOLISM	CTRL3	0.4026601433148808
KEGG_TRYPTOPHAN_METABOLISM	Treated1	-0.34549550452420075
KEGG_TRYPTOPHAN_METABOLISM	Treated2	-0.660399032461631
KEGG_TRYPTOPHAN_METABOLISM	Treated3	-0.47121364235592483
KEGG_TYPE_I_DIABETES_MELLITUS	CTRL1	-0.7460836395848597
KEGG_TYPE_I_DIABETES_MELLITUS	CTRL2	-0.7874875852553302
KEGG_TYPE_I_DIABETES_MELLITUS	CTRL3	-0.8088360179028893
KEGG_TYPE_I_DIABETES_MELLITUS	Treated1	-0.8079979912212228
KEGG_TYPE_I_DIABETES_MELLITUS	Treated2	-0.7990472085726175
KEGG_TYPE_I_DIABETES_MELLITUS	Treated3	-0.776588696731931
KEGG_TYPE_II_DIABETES_MELLITUS	CTRL1	0.3736177545481613
KEGG_TYPE_II_DIABETES_MELLITUS	CTRL2	0.32002311329836564
KEGG_TYPE_II_DIABETES_MELLITUS	CTRL3	0.4293261850064637
KEGG_TYPE_II_DIABETES_MELLITUS	Treated1	-0.36474834062288614
KEGG_TYPE_II_DIABETES_MELLITUS	Treated2	-0.5419682687760086
KEGG_TYPE_II_DIABETES_MELLITUS	Treated3	-0.5284175071559432
KEGG_TYROSINE_METABOLISM	CTRL1	0.013878608870276976
KEGG_TYROSINE_METABOLISM	CTRL2	0.3452984211633874
KEGG_TYROSINE_METABOLISM	CTRL3	0.03190873323821565
KEGG_TYROSINE_METABOLISM	Treated1	-0.2934197956292688
KEGG_TYROSINE_METABOLISM	Treated2	-0.35317434826731414
KEGG_TYROSINE_METABOLISM	Treated3	-0.06888947211812163
KEGG_UBIQUITIN_MEDIATED_PROTEOLYSIS	CTRL1	-0.04861621648781797
KEGG_UBIQUITIN_MEDIATED_PROTEOLYSIS	CTRL2	0.32626060025588455
KEGG_UBIQUITIN_MEDIATED_PROTEOLYSIS	CTRL3	0.340478446487542
KEGG_UBIQUITIN_MEDIATED_PROTEOLYSIS	Treated1	-0.4441511141614807
KEGG_UBIQUITIN_MEDIATED_PROTEOLYSIS	Treated2	-0.298251186168324
KEGG_UBIQUITIN_MEDIATED_PROTEOLYSIS	Treated3	-0.19229346549515922
KEGG_VALINE_LEUCINE_AND_ISOLEUCINE_BIOSYNTHESIS	CTRL1	-0.7032408619484708
KEGG_VALINE_LEUCINE_AND_ISOLEUCINE_BIOSYNTHESIS	CTRL2	-0.6597513790230594
KEGG_VALINE_LEUCINE_AND_ISOLEUCINE_BIOSYNTHESIS	CTRL3	-0.6898560393363301
KEGG_VALINE_LEUCINE_AND_ISOLEUCINE_BIOSYNTHESIS	Treated1	-0.6811397673197348
KEGG_VALINE_LEUCINE_AND_ISOLEUCINE_BIOSYNTHESIS	Treated2	-0.46993913080720795
KEGG_VALINE_LEUCINE_AND_ISOLEUCINE_BIOSYNTHESIS	Treated3	-0.7024124979315662
KEGG_VALINE_LEUCINE_AND_ISOLEUCINE_DEGRADATION	CTRL1	0.32291086219111476
KEGG_VALINE_LEUCINE_AND_ISOLEUCINE_DEGRADATION	CTRL2	0.4237688004466506
KEGG_VALINE_LEUCINE_AND_ISOLEUCINE_DEGRADATION	CTRL3	0.36274760730076305
KEGG_VALINE_LEUCINE_AND_ISOLEUCINE_DEGRADATION	Treated1	-0.5405651966425186
KEGG_VALINE_LEUCINE_AND_ISOLEUCINE_DEGRADATION	Treated2	-0.6098105546872564
KEGG_VALINE_LEUCINE_AND_ISOLEUCINE_DEGRADATION	Treated3	-0.3189527796051433
KEGG_VASCULAR_SMOOTH_MUSCLE_CONTRACTION	CTRL1	0.04378892231695558
KEGG_VASCULAR_SMOOTH_MUSCLE_CONTRACTION	CTRL2	0.23955700169046523
KEGG_VASCULAR_SMOOTH_MUSCLE_CONTRACTION	CTRL3	-0.025312117753491653
KEGG_VASCULAR_SMOOTH_MUSCLE_CONTRACTION	Treated1	-0.0406770824945111
KEGG_VASCULAR_SMOOTH_MUSCLE_CONTRACTION	Treated2	-0.06779919764613845
KEGG_VASCULAR_SMOOTH_MUSCLE_CONTRACTION	Treated3	-0.2337378172165025
KEGG_VASOPRESSIN_REGULATED_WATER_REABSORPTION	CTRL1	-0.13258391940604092
KEGG_VASOPRESSIN_REGULATED_WATER_REABSORPTION	CTRL2	0.3923574132128531
KEGG_VASOPRESSIN_REGULATED_WATER_REABSORPTION	CTRL3	0.18043365928370053
KEGG_VASOPRESSIN_REGULATED_WATER_REABSORPTION	Treated1	-0.3811013323503324
KEGG_VASOPRESSIN_REGULATED_WATER_REABSORPTION	Treated2	-0.2722789397077578
KEGG_VASOPRESSIN_REGULATED_WATER_REABSORPTION	Treated3	-0.037055425104754625
KEGG_VEGF_SIGNALING_PATHWAY	CTRL1	0.14456272247249768
KEGG_VEGF_SIGNALING_PATHWAY	CTRL2	0.12159212117242187
KEGG_VEGF_SIGNALING_PATHWAY	CTRL3	0.15790237549256542
KEGG_VEGF_SIGNALING_PATHWAY	Treated1	-0.20881669013805754
KEGG_VEGF_SIGNALING_PATHWAY	Treated2	-0.30718588307577077
KEGG_VEGF_SIGNALING_PATHWAY	Treated3	-0.29924605003396354
KEGG_VIBRIO_CHOLERAE_INFECTION	CTRL1	-0.5231356611030356
KEGG_VIBRIO_CHOLERAE_INFECTION	CTRL2	-0.13293388158837718
KEGG_VIBRIO_CHOLERAE_INFECTION	CTRL3	-0.3587704466007482
KEGG_VIBRIO_CHOLERAE_INFECTION	Treated1	-0.4702270615220321
KEGG_VIBRIO_CHOLERAE_INFECTION	Treated2	-0.37765134208791085
KEGG_VIBRIO_CHOLERAE_INFECTION	Treated3	-0.2727117387438962
KEGG_VIRAL_MYOCARDITIS	CTRL1	-0.49527169983326924
KEGG_VIRAL_MYOCARDITIS	CTRL2	-0.577225104274485
KEGG_VIRAL_MYOCARDITIS	CTRL3	-0.4839118470584203
KEGG_VIRAL_MYOCARDITIS	Treated1	-0.5912052133903835
KEGG_VIRAL_MYOCARDITIS	Treated2	-0.6547711581583214
KEGG_VIRAL_MYOCARDITIS	Treated3	-0.5549808788095272
KEGG_WNT_SIGNALING_PATHWAY	CTRL1	-0.07397032258094596
KEGG_WNT_SIGNALING_PATHWAY	CTRL2	-0.04466858674553276
KEGG_WNT_SIGNALING_PATHWAY	CTRL3	0.06476172004246984
KEGG_WNT_SIGNALING_PATHWAY	Treated1	-0.3250930483518432
KEGG_WNT_SIGNALING_PATHWAY	Treated2	-0.19320529646736367
KEGG_WNT_SIGNALING_PATHWAY	Treated3	-0.1518682930107409
