match_id	H3_WT	EGFR_overexp	EZHIP_overexp	EGFR_amp	tp53_score	tp53_altered	tp53_alteration	H3.1_K28M_sum	H3.3_K28M_sum	EGFR_ins_sum	EGFR_onco_sum	EGFR_WHO_reported_sum	ATRX_onco_sum	EGFR_ins	SV_type
PT_GX2EXVPV_C4110783-Tumor_Solid Tissue_Initial CNS Tumor	N	N	N	N	0.5085158358955016	Other	N	Y	N	N	N	N	N	NA	NA
PT_C52RFPB9_7316-8044_Solid Tissue_Deceased	N	N	N	N	NA	activated	Y	Y	N	N	N	N	N	N	DUP
PT_6PJ126FF_7316-8815_Solid Tissue_Initial CNS Tumor	N	N	N	N	0.43796872748112525	Other	N	Y	N	N	N	N	N	NA	NA
PT_TWF36J8K_7316-6251_Solid Tissue_Initial CNS Tumor	N	N	N	N	0.8238467844175096	loss	Y	Y	N	N	N	N	N	N	DUP
PT_TWF36J8K_7316-6251_Solid Tissue_Initial CNS Tumor	N	N	N	N	0.8238467844175096	loss	Y	Y	N	N	N	N	N	N	DEL
PT_TWF36J8K_7316-6251_Solid Tissue_Initial CNS Tumor	N	N	N	N	0.8238467844175096	loss	Y	Y	N	N	N	N	N	N	INV
PT_4YWZ538V_7316-719_Solid Tissue_Deceased	Y	N	N	N	0.7759728811009349	Other	N	NA	NA	NA	NA	NA	NA	NA	NA
PT_Y5KY6KN9_7316-195_Solid Tissue_Initial CNS Tumor	N	N	N	N	0.765321826292863	loss	Y	Y	N	N	N	N	N	N	DUP
PT_Y5KY6KN9_7316-195_Solid Tissue_Initial CNS Tumor	N	N	N	N	0.765321826292863	loss	Y	Y	N	N	N	N	N	N	DEL
PT_Y5KY6KN9_7316-195_Solid Tissue_Initial CNS Tumor	N	N	N	N	0.765321826292863	loss	Y	Y	N	N	N	N	N	N	INV
PT_71SDXD2V_C4114596-Tumor_Solid Tissue_Initial CNS Tumor	N	N	N	N	0.7954712791192576	loss	Y	Y	N	N	N	N	N	NA	NA
PT_G6H7DC0C_C4119147-Tumor_Solid Tissue_Recurrence	N	N	N	N	0.3443732338936349	Other	N	Y	N	N	N	N	N	NA	NA
PT_KZ56XHJT_7316-3217_Solid Tissue_Progressive	N	N	N	N	NA	Other	N	Y	N	N	N	N	N	NA	NA
PT_8FBR94AD_7316-6884_Solid Tissue_Deceased	N	N	N	N	0.5703005909429026	Other	N	Y	N	N	N	N	N	NA	NA
PT_9CQA1W10_7316-6349_Solid Tissue_Deceased	N	N	N	N	0.6125053466886047	loss	Y	Y	N	N	N	N	N	N	INV
PT_SD4RJ57T_7316-9842_Solid Tissue_Deceased	N	N	N	N	0.7099639427150615	loss	Y	Y	N	N	N	N	N	NA	NA
PT_8ZKFTBZS_7316-6087_Solid Tissue_Deceased	N	N	N	N	NA	Other	N	N	Y	N	N	N	N	NA	NA
PT_3AR6AW9N_7316-9840_Solid Tissue_Deceased	N	N	N	N	0.7072555102017375	loss	Y	Y	N	N	N	N	N	N	INV
PT_40HTPY49_7316-466_Solid Tissue_Initial CNS Tumor	N	N	N	N	0.31952308401207086	Other	N	Y	N	N	N	N	N	NA	NA
PT_23JJKZPS_7316-8016_Solid Tissue_Deceased	N	N	N	N	0.5222373822653235	loss	Y	N	Y	N	N	N	N	NA	NA
PT_VPEMAQBN_A12748_Solid Tissue_Initial CNS Tumor	N	N	N	N	0.7261578612631353	activated	Y	N	Y	N	N	N	N	NA	NA
PT_7KS8C9Y6_7316-4952_Solid Tissue_Initial CNS Tumor	N	N	N	N	0.7840842797864742	loss	Y	Y	N	N	N	N	N	NA	NA
PT_440E1XW5_7316-9068_Solid Tissue_Deceased	N	N	N	N	0.6816413199222049	Other	N	Y	N	N	N	N	N	N	INV
PT_1YQH5NSH_7316-5922_Derived Cell Line_Initial CNS Tumor_Serum-free_27	N	N	N	N	NA	Other	N	Y	N	N	N	N	N	N	INV
PT_P571HTNK_7316-8851_Derived Cell Line_Initial CNS Tumor_Serum-free_9	N	N	N	N	0.0790024937991525	Other	N	Y	N	N	N	N	N	NA	NA
PT_JSFBMK5V_7316-1769_Solid Tissue_Progressive	N	N	N	N	0.5071363090004759	Other	N	Y	N	N	N	N	N	N	DEL
PT_S7JCQ3TH_7316-8828_Solid Tissue_Initial CNS Tumor	N	N	N	N	0.6456694564360285	loss	Y	Y	N	N	N	N	N	NA	NA
PT_PR4YBBH3_7316-116_Solid Tissue_Initial CNS Tumor	N	N	N	N	0.7393846051290404	loss	Y	Y	N	N	N	N	N	N	DUP
PT_K0YWXDH1_7316-2692_Solid Tissue_Initial CNS Tumor	N	N	N	N	NA	Other	N	Y	N	N	N	N	N	NA	NA
PT_7DTGJYA7_7316-1695_Solid Tissue_Deceased	Y	N	N	N	0.7495344462191986	Other	N	NA	NA	NA	NA	NA	NA	NA	NA
PT_BC0B16HC_7316-7075_Solid Tissue_Initial CNS Tumor	N	N	N	N	0.30237237125732774	Other	N	Y	N	N	N	N	N	N	INV
PT_P571HTNK_7316-9433_Derived Cell Line_Progressive_Serum-free_7	N	N	N	N	0.02443653361761365	Other	N	Y	N	N	N	N	N	NA	NA
PT_H9QTD79G_7316-7533_Not Available_Initial CNS Tumor	N	N	N	N	NA	Other	N	Y	N	N	N	N	N	NA	NA
PT_NK8A49X5_7316-3216_Solid Tissue_Initial CNS Tumor	N	N	N	N	NA	Other	N	Y	N	N	N	N	N	NA	NA
PT_NK8A49X5_A14449_Solid Tissue_Progressive	N	Y	N	Y	0.6207011541923827	Other	N	Y	N	N	Y	N	N	NA	NA
PT_HMF8J4EG_7316-644_Solid Tissue_Initial CNS Tumor	N	N	N	N	0.7556508323150862	loss	Y	Y	N	N	N	N	N	N	INV
PT_KZ56XHJT_7316-3231_Solid Tissue_Progressive Disease Post-Mortem	N	N	N	N	NA	Other	N	Y	N	N	N	N	N	NA	NA
PT_1AAYYGGY_A14709_Solid Tissue_Initial CNS Tumor	N	N	N	N	0.7985021687843586	activated	Y	Y	N	N	N	N	N	NA	NA
PT_QTDY0Y9A_7316-3771_Solid Tissue_Initial CNS Tumor	N	N	N	N	0.5656567180731265	Other	N	Y	N	N	N	N	N	NA	NA
PT_84Q11Z5X_7316-288_Solid Tissue_Initial CNS Tumor	N	N	N	N	0.01617611787730228	Other	N	Y	N	N	N	N	N	NA	NA
PT_0J07HTRF_7316-6475_Solid Tissue_Deceased	N	N	N	N	NA	Other	N	Y	N	N	N	N	N	NA	NA
PT_E50ZPGSJ_7316-6387_Solid Tissue_Progressive	N	N	N	N	0.7526616961111631	loss	Y	Y	N	N	N	N	N	NA	NA
PT_4XB3YTJM_7316-388_Derived Cell Line_Initial CNS Tumor_Serum-based_10	N	N	N	N	0.7355738567442359	activated	Y	Y	N	N	N	N	N	NA	NA
PT_CWVNNBPH_C3985446-Tumor_Solid Tissue_Initial CNS Tumor	N	N	N	N	NA	activated	Y	Y	N	N	N	N	N	NA	NA
PT_9X1XY3JK_7316-6041_Solid Tissue_Initial CNS Tumor	N	N	N	N	0.8136233414566973	activated	Y	Y	N	N	N	N	N	NA	NA
PT_KZ56XHJT_A12398_Solid Tissue_Progressive	N	N	N	N	0.3153956989829075	loss	Y	Y	N	N	N	N	N	NA	NA
PT_ZSHEMD0K_7316-6773_Not Available_Initial CNS Tumor	N	N	N	N	NA	loss	Y	Y	N	N	N	N	N	NA	NA
PT_P2NGYMG5_7316-1956_Solid Tissue_Initial CNS Tumor	N	N	N	N	0.4834488568930438	Other	N	Y	N	N	N	N	N	N	DUP
PT_P2NGYMG5_7316-1956_Solid Tissue_Initial CNS Tumor	N	N	N	N	0.4834488568930438	Other	N	Y	N	N	N	N	N	N	DEL
PT_P2NGYMG5_7316-1956_Solid Tissue_Initial CNS Tumor	N	N	N	N	0.4834488568930438	Other	N	Y	N	N	N	N	N	N	INV
PT_R4T1V1K4_7316-3206_Solid Tissue_Deceased	N	N	N	N	0.7268482264292843	loss	Y	Y	N	N	N	N	N	N	INV
PT_19GCSK2S_7316-6761_Solid Tissue_Initial CNS Tumor	N	N	N	N	0.819351537771663	activated	Y	Y	N	N	N	N	N	NA	NA
PT_P2B3RNR0_7316-6450_Solid Tissue_Deceased	N	N	N	N	0.5626955002750962	Other	N	Y	N	N	N	N	N	NA	NA
PT_0EBP2PBD_7316-8041_Solid Tissue_Initial CNS Tumor	N	N	N	N	0.6397432141538888	Other	N	Y	N	N	N	N	N	NA	NA
PT_H5R0M2P6_7316-3677_Solid Tissue_Initial CNS Tumor	N	N	N	N	0.3691958411483667	Other	N	Y	N	N	N	N	N	NA	NA
PT_JNEV57VK_7316-3058_Derived Cell Line_Progressive_Serum-free_0	N	N	N	N	0.6218183115457016	loss	Y	Y	N	N	N	N	N	NA	NA
PT_FYPWZBH0_7316-1085_Solid Tissue_Initial CNS Tumor	N	N	N	N	0.7589062884396458	loss	Y	Y	N	N	N	N	N	NA	NA
PT_2ZTSD2GF_C4107462-Tumor_Solid Tissue_Initial CNS Tumor	N	N	N	N	0.5669416814129975	Other	N	N	Y	N	N	N	N	NA	NA
PT_HGG8X8QE_7316-7144_Solid Tissue_Deceased	N	N	N	Y	NA	loss	Y	Y	N	N	N	N	N	N	INV
PT_HGG8X8QE_7316-7144_Solid Tissue_Deceased	N	N	N	Y	NA	loss	Y	Y	N	N	N	N	N	N	DUP
PT_HGG8X8QE_7316-7144_Solid Tissue_Deceased	N	N	N	Y	NA	loss	Y	Y	N	N	N	N	N	N	DEL
PT_HGG8X8QE_7316-7144_Solid Tissue_Deceased	N	N	N	Y	NA	loss	Y	Y	N	N	N	N	N	N	BND
PT_ESWK06KQ_7316-6755_Solid Tissue_Deceased	N	N	N	N	0.5828544312116405	Other	N	Y	N	N	N	N	N	NA	NA
PT_RPC00TAJ_7316-231_Solid Tissue_Progressive	N	N	N	N	0.25884708072283175	Other	N	Y	N	N	N	N	N	NA	NA
PT_5SWFTE95_7316-7621_Solid Tissue_Deceased	N	N	N	N	0.5392213183475058	activated	Y	Y	N	N	N	N	N	NA	NA
PT_G16VK7FR_A19649_Solid Tissue_Initial CNS Tumor	N	N	N	N	0.8272500977875277	loss	Y	N	Y	N	N	N	N	NA	NA
PT_EA50EF17_C4119516-Tumor_Solid Tissue_Initial CNS Tumor	N	N	N	N	0.31282334604323153	Other	N	Y	N	N	N	N	N	NA	NA
PT_R5T773FS_7316-8029_Solid Tissue_Initial CNS Tumor	N	N	N	N	0.7548480812007277	loss	Y	Y	N	N	N	N	N	N	DUP
PT_R5T773FS_7316-8029_Solid Tissue_Initial CNS Tumor	N	N	N	N	0.7548480812007277	loss	Y	Y	N	N	N	N	N	N	DEL
PT_Y74CVASJ_A16538_Solid Tissue_Initial CNS Tumor	N	N	N	N	0.7931645082434583	loss	Y	Y	N	N	N	N	N	NA	NA
PT_CR2ADBZE_C4124190-Tumor_Solid Tissue_Initial CNS Tumor	N	N	N	N	0.8608781041775703	loss	Y	Y	N	N	N	N	N	NA	NA
PT_NWYSD53S_A15170_Solid Tissue_Initial CNS Tumor	N	N	N	N	0.6733874937264099	Other	N	Y	N	N	N	N	N	NA	NA
PT_RE6AXQM1_7316-5813_Solid Tissue_Initial CNS Tumor	N	N	N	N	NA	loss	Y	Y	N	N	N	N	N	N	INV
PT_PX713NB8_C4116810-Tumor_Solid Tissue_Initial CNS Tumor	N	N	N	N	0.7513757948152745	loss	Y	Y	N	N	N	N	N	NA	NA
PT_WN5P2GCY_7316-8019_Solid Tissue_Deceased	N	N	N	N	0.8970455666543268	loss	Y	Y	N	N	N	N	N	NA	NA
PT_7P6J57H3_7316-3226_Solid Tissue_Initial CNS Tumor	N	N	N	N	NA	Other	N	Y	N	N	N	N	N	N	INV
PT_K1YK24PP_7316-5928_Solid Tissue_Deceased	N	N	N	N	0.704623350401092	activated	Y	Y	N	N	N	N	N	N	INV
PT_K1YK24PP_7316-5928_Solid Tissue_Deceased	N	N	N	N	0.704623350401092	activated	Y	Y	N	N	N	N	N	N	BND
PT_9685DQ65_C4123452-Tumor_Solid Tissue_Initial CNS Tumor	N	N	Y	N	0.826660847493222	loss	Y	Y	N	N	N	N	N	NA	NA
PT_7DTGJYA7_7316-639_Solid Tissue_Initial CNS Tumor	Y	N	N	N	0.21677473653217588	Other	N	NA	NA	NA	NA	NA	NA	NA	NA
PT_DBKC0M6Z_C4123698-Tumor_Solid Tissue_Initial CNS Tumor	N	N	N	N	0.5996628991663618	Other	N	N	Y	N	N	N	N	NA	NA
PT_EN2RN5Y1_A17997_Solid Tissue_Initial CNS Tumor	N	N	N	N	0.7043987682916111	Other	N	Y	N	N	N	N	N	NA	NA
PT_YZD8NRDP_C4115826-Tumor_Solid Tissue_Initial CNS Tumor	N	N	N	N	0.6532858842057804	loss	Y	Y	N	N	N	N	N	NA	NA
PT_DR94DMTG_C3984954-Tumor_Solid Tissue_Initial CNS Tumor	N	N	N	N	0.709204057857196	Other	N	Y	N	N	N	N	N	NA	NA
PT_W5GP3F6B_7316-5003_Solid Tissue_Initial CNS Tumor	N	N	N	N	NA	loss	Y	Y	N	N	N	N	N	NA	NA
PT_KVMF5TFW_7316-3030_Solid Tissue_Initial CNS Tumor	Y	N	N	N	0.671596882475127	loss	Y	N	N	N	N	N	N	NA	NA
PT_ZGBBCPCP_7316-10361_Solid Tissue_Initial CNS Tumor	N	N	N	N	NA	Other	N	Y	N	N	N	N	N	NA	NA
PT_GTHZF21E_7316-9066_Solid Tissue_Deceased	N	N	N	N	0.5983187485326324	activated	Y	Y	N	N	N	N	N	NA	NA
PT_A7EPZSBH_7316-9946_Solid Tissue_Initial CNS Tumor	N	N	N	N	NA	loss	Y	Y	N	N	N	N	N	NA	NA
PT_59D00MBQ_7316-1937_Solid Tissue_Initial CNS Tumor	N	N	N	N	0.7798080806751493	loss	Y	Y	N	N	N	N	N	NA	NA
PT_C7HHJG7Z_7316-4516_Solid Tissue_Initial CNS Tumor	N	N	N	N	0.6995207822016273	loss	Y	Y	N	N	N	N	N	N	DEL
PT_C7HHJG7Z_7316-4516_Solid Tissue_Initial CNS Tumor	N	N	N	N	0.6995207822016273	loss	Y	Y	N	N	N	N	N	N	INV
PT_18QG3Z4H_7316-1052_Solid Tissue_Initial CNS Tumor	N	N	N	N	0.7430636239665374	Other	N	Y	N	N	N	N	N	NA	NA
PT_E3WNEDD4_7316-8023_Solid Tissue_Deceased	N	N	N	N	0.692473472187843	loss	Y	Y	N	N	N	N	N	N	DUP
PT_E3WNEDD4_7316-8023_Solid Tissue_Deceased	N	N	N	N	0.692473472187843	loss	Y	Y	N	N	N	N	N	N	DEL
PT_E3WNEDD4_7316-8023_Solid Tissue_Deceased	N	N	N	N	0.692473472187843	loss	Y	Y	N	N	N	N	N	N	INV
PT_5BWZA0NT_7316-1102_Derived Cell Line_Initial CNS Tumor_Serum-based_4	N	N	N	N	0.2546215311599427	Other	N	Y	N	N	N	N	N	NA	NA
PT_DRR78VTX_7316-9836_Solid Tissue_Deceased	N	N	N	N	NA	loss	Y	Y	N	N	N	N	N	NA	NA
PT_1DSX4VJM_7316-1708_Solid Tissue_Deceased	N	N	N	N	NA	loss	Y	Y	N	N	N	N	N	NA	NA
PT_KTRJ8TFY_7316-3223_Solid Tissue_Initial CNS Tumor	N	N	N	N	NA	loss	Y	Y	N	N	N	N	N	NA	NA
PT_9GKVQ9QS_7316-3213_Solid Tissue_Initial CNS Tumor	N	N	N	N	NA	loss	Y	Y	N	N	N	N	N	N	INV
PT_3QFBAXAN_7316-8101_Solid Tissue_Initial CNS Tumor	N	N	N	N	0.6501908237129044	activated	Y	Y	N	Y	Y	N	N	NA	NA
PT_KTRJ8TFY_A09689_Solid Tissue_Initial CNS Tumor	N	N	N	N	0.7200315861225582	loss	Y	Y	N	N	N	N	N	NA	NA
PT_JSFBMK5V_7316-1769_Derived Cell Line_Progressive_Serum-free_11	N	N	N	N	0.07746129634203798	Other	N	Y	N	N	N	N	N	NA	NA
PT_SABX4PZ2_C4118286-Tumor_Solid Tissue_Recurrence	N	N	N	N	0.4959179678978739	Other	N	N	Y	N	N	N	N	NA	NA
PT_GTHZF21E_7316-7689_Solid Tissue_Initial CNS Tumor	N	N	N	N	NA	activated	Y	Y	N	N	N	N	N	NA	NA
PT_Z4PJA6KT_7316-1763_Solid Tissue_Initial CNS Tumor	N	N	N	N	0.725465421352714	loss	Y	Y	N	N	N	N	N	N	DEL
PT_Z4PJA6KT_7316-1763_Solid Tissue_Initial CNS Tumor	N	N	N	N	0.725465421352714	loss	Y	Y	N	N	N	N	N	N	DUP
PT_Z4PJA6KT_7316-1763_Solid Tissue_Initial CNS Tumor	N	N	N	N	0.725465421352714	loss	Y	Y	N	N	N	N	N	N	INV
PT_QJ53FP9N_7316-9622_Solid Tissue_Deceased	N	N	N	N	NA	Other	N	Y	N	N	N	N	N	N	INV
PT_M9XXJ4GR_A09576_Solid Tissue_Initial CNS Tumor	N	N	N	N	0.9152040701808166	loss	Y	Y	N	N	N	N	N	NA	NA
PT_T1Q4HQYE_C4114719-Tumor_Solid Tissue_Initial CNS Tumor	N	N	N	N	0.7286712643362756	Other	N	Y	N	N	N	N	N	NA	NA
PT_7FZ8SE69_7316-2152_Solid Tissue_Initial CNS Tumor	N	N	N	N	0.6328673358085783	loss	Y	Y	N	N	Y	Y	N	NA	NA
PT_WGVEF96B_7316-4446_Derived Cell Line_Initial CNS Tumor_Serum-free_27	N	N	N	N	NA	activated	Y	Y	N	N	N	N	N	NA	NA
PT_A06JR0E5_7316-5004_Solid Tissue_Initial CNS Tumor	N	N	N	N	NA	loss	Y	Y	N	N	N	N	N	NA	NA
PT_19GCSK2S_7316-7622_Solid Tissue_Deceased	N	N	N	N	0.7396182240677367	activated	Y	Y	N	N	N	N	N	NA	NA
PT_8SF8D0M9_7316-8100_Solid Tissue_Initial CNS Tumor	N	N	N	N	0.5484937084730406	activated	Y	Y	N	N	N	N	N	NA	NA
PT_M72FHJXN_7316-6756_Solid Tissue_Deceased	N	N	N	N	0.413314464707732	Other	N	Y	N	N	N	N	N	NA	NA
PT_NWYSD53S_7316-4997_Solid Tissue_Initial CNS Tumor	N	N	N	N	NA	Other	N	Y	N	N	N	N	N	N	INV
PT_FCWMT41S_7316-7133_Solid Tissue_Initial CNS Tumor	Y	N	N	N	NA	Other	N	N	N	Y	Y	N	N	NA	NA
PT_FKCPVY7V_7316-8031_Solid Tissue_Initial CNS Tumor	N	N	N	N	0.9223178387752716	loss	Y	Y	N	N	N	N	N	NA	NA
PT_RDGW5MJE_7316-8967_Solid Tissue_Deceased	N	N	N	N	0.7538979481918394	activated	Y	Y	N	N	N	N	N	NA	NA
PT_BQJK7KPK_7316-6574_Solid Tissue_Initial CNS Tumor	N	N	N	N	0.794654507259104	loss	Y	Y	N	Y	Y	N	N	N	DEL
PT_BQJK7KPK_7316-6574_Solid Tissue_Initial CNS Tumor	N	N	N	N	0.794654507259104	loss	Y	Y	N	Y	Y	N	N	N	INV
PT_GDZXK2AG_7316-4672_Solid Tissue_Initial CNS Tumor	N	N	N	N	NA	loss	Y	Y	N	N	N	N	N	N	DEL
PT_GDZXK2AG_7316-4672_Solid Tissue_Initial CNS Tumor	N	N	N	N	NA	loss	Y	Y	N	N	N	N	N	N	DUP
PT_GDZXK2AG_7316-4672_Solid Tissue_Initial CNS Tumor	N	N	N	N	NA	loss	Y	Y	N	N	N	N	N	N	INV
PT_BC0B16HC_7316-7075_Not Available_Initial CNS Tumor	N	N	N	N	NA	Other	N	Y	N	N	N	N	N	NA	NA
PT_Z0JKP1GY_7316-3158_Solid Tissue_Initial CNS Tumor	N	N	N	N	NA	loss	Y	Y	N	N	N	N	N	NA	NA
PT_97F1YCGF_7316-3026_Solid Tissue_Initial CNS Tumor	N	N	N	N	0.7897169847106387	Other	N	Y	N	N	N	N	N	NA	NA
PT_HGM20MW7_A09446_Solid Tissue_Initial CNS Tumor	N	N	N	N	0.3507557932067521	loss	Y	Y	N	N	N	N	N	NA	NA
PT_9CQA1W10_7316-6349_Derived Cell Line_Deceased_Serum-free_7	N	N	N	N	0.8436402843815909	loss	Y	Y	N	N	N	N	N	NA	NA
PT_D9A6G154_7316-9211_Solid Tissue_Initial CNS Tumor	N	N	N	N	0.7702516579253615	loss	Y	Y	N	N	N	N	N	NA	NA
PT_1E3E6GMF_A09985_Solid Tissue_Initial CNS Tumor	N	N	N	N	0.675800875733661	activated	Y	Y	N	N	N	N	N	NA	NA
PT_7S5BVPE2_7316-712_Solid Tissue_Deceased	Y	N	N	N	NA	Other	N	NA	NA	NA	NA	NA	NA	NA	NA
PT_VCD0W8HG_7316-2756_Solid Tissue_Initial CNS Tumor	N	N	N	N	0.5980292935513103	Other	N	Y	N	N	N	N	N	NA	NA
PT_A325EYR2_7316-2557_Solid Tissue_Initial CNS Tumor	N	N	N	N	0.6967715609823582	Other	N	Y	N	N	N	N	N	NA	NA
PT_KTRJ8TFY_7316-3230_Solid Tissue_Progressive Disease Post-Mortem	N	N	N	N	NA	loss	Y	Y	N	N	N	N	N	NA	NA
PT_KAQMYFYB_A16405_Solid Tissue_Initial CNS Tumor	N	N	N	N	0.9633063598775522	loss	Y	Y	N	N	N	N	N	NA	NA
PT_Y7HKMCN0_7316-9716_Solid Tissue_Initial CNS Tumor	N	N	N	N	NA	activated	Y	Y	N	N	Y	N	N	NA	NA
PT_XHV730W9_7316-6791_Solid Tissue_Initial CNS Tumor	N	N	N	N	0.8262346175823166	loss	Y	Y	N	N	N	N	N	NA	NA
PT_5BWZA0NT_7316-1102_Solid Tissue_Initial CNS Tumor	N	N	N	N	0.49503461714771574	Other	N	Y	N	N	N	N	N	NA	NA
PT_351GXJCW_7316-8025_Solid Tissue_Deceased	N	N	N	N	NA	Other	N	Y	N	N	N	N	N	NA	NA
PT_Y5KY6KN9_7316-195_Derived Cell Line_Initial CNS Tumor_Serum-based_11	N	N	N	N	0.7078298840211952	loss	Y	Y	N	N	N	N	N	N	DUP
PT_Y5KY6KN9_7316-195_Derived Cell Line_Initial CNS Tumor_Serum-based_11	N	N	N	N	0.7078298840211952	loss	Y	Y	N	N	N	N	N	N	DEL
PT_Y5KY6KN9_7316-195_Derived Cell Line_Initial CNS Tumor_Serum-based_11	N	N	N	N	0.7078298840211952	loss	Y	Y	N	N	N	N	N	N	INV
PT_Y74CVASJ_7316-5002_Solid Tissue_Initial CNS Tumor	N	N	N	N	NA	loss	Y	Y	N	N	N	N	N	NA	NA
PT_VCD0W8HG_7316-4702_Solid Tissue_Deceased	N	N	N	N	0.508385362231566	Other	N	Y	N	N	N	N	N	NA	NA
PT_RE6AXQM1_A19015_Solid Tissue_Initial CNS Tumor	N	N	N	N	0.8046035915381453	loss	Y	Y	N	N	N	N	N	NA	NA
PT_M9XXJ4GR_7316-3222_Solid Tissue_Initial CNS Tumor	N	N	N	N	NA	loss	Y	Y	N	N	N	N	N	NA	NA
PT_RYMG3M91_A18777_Solid Tissue_Initial CNS Tumor	N	N	N	N	0.9581763168048174	loss	Y	Y	N	N	N	N	N	NA	NA
PT_9GKVQ9QS_A05262_Solid Tissue_Initial CNS Tumor	N	N	N	N	0.817831488441991	loss	Y	Y	N	N	N	N	N	NA	NA
PT_ZGJTEMMT_C4121853-Tumor_Solid Tissue_Initial CNS Tumor	N	N	N	N	0.399183310426919	activated	Y	Y	N	Y	Y	N	N	NA	NA
PT_NK8A49X5_A08692_Solid Tissue_Initial CNS Tumor	N	N	N	N	0.7623787462247239	Other	N	Y	N	N	N	N	N	NA	NA
PT_FN57KS79_7316-9831_Solid Tissue_Deceased	N	N	N	N	NA	loss	Y	N	Y	N	N	N	N	N	INV
PT_NK8A49X5_7316-4448_Derived Cell Line_Progressive_Serum-free_27	N	N	N	Y	NA	Other	N	Y	N	N	Y	N	N	N	DUP
PT_NK8A49X5_7316-4448_Derived Cell Line_Progressive_Serum-free_27	N	N	N	Y	NA	Other	N	Y	N	N	Y	N	N	N	INV
PT_6QPZ4NP2_C4117671-Tumor_Solid Tissue_Initial CNS Tumor	N	N	N	N	0.3541999536684037	Other	N	Y	N	N	N	N	N	NA	NA
PT_DNH1VP67_7316-1062_Solid Tissue_Deceased	Y	N	N	N	0.8378822243717637	Other	N	NA	NA	NA	NA	NA	NA	NA	NA
PT_0J07HTRF_7316-6475_Derived Cell Line_Deceased_Serum-free_5	N	N	N	N	0.22620489930214233	Other	N	Y	N	N	N	N	N	NA	NA
PT_C9YDTZPA_A15726_Solid Tissue_Initial CNS Tumor	N	N	N	N	0.6854635655484669	Other	N	Y	N	N	N	N	N	NA	NA
PT_1YQH5NSH_A20091_Solid Tissue_Initial CNS Tumor	N	N	N	N	0.6060935243714646	Other	N	Y	N	N	N	N	N	NA	NA
PT_JC4DHFJR_7316-2536_Solid Tissue_Deceased	N	N	N	N	0.8852928625502294	Other	N	Y	N	N	N	N	N	NA	NA
PT_TATAHET9_C4124313-Tumor_Solid Tissue_Initial CNS Tumor	N	N	N	N	0.31026054400281483	Other	N	Y	N	N	N	N	N	NA	NA
PT_FRHVM7G9_7316-9048_Solid Tissue_Initial CNS Tumor	N	N	N	N	0.3858471289330436	loss	Y	Y	N	N	N	N	N	NA	NA
PT_9JT1441X_7316-544_Solid Tissue_Deceased	Y	N	N	N	0.808467916375439	Other	N	NA	NA	NA	NA	NA	NA	NA	NA
PT_1E3E6GMF_7316-3224_Solid Tissue_Initial CNS Tumor	N	N	N	N	NA	loss	Y	Y	N	N	N	N	N	N	DUP
PT_1E3E6GMF_7316-3224_Solid Tissue_Initial CNS Tumor	N	N	N	N	NA	loss	Y	Y	N	N	N	N	N	N	DEL
PT_1E3E6GMF_7316-3224_Solid Tissue_Initial CNS Tumor	N	N	N	N	NA	loss	Y	Y	N	N	N	N	N	N	INV
PT_59D00MBQ_7316-2810_Solid Tissue_Deceased	N	N	N	N	0.8356671160640234	loss	Y	Y	N	N	N	N	N	NA	NA
PT_V1HNAC2Q_A07150_Solid Tissue_Initial CNS Tumor	N	N	N	N	0.8896516843652911	loss	Y	Y	N	N	N	N	N	NA	NA
PT_KBDP8ZCR_7316-1889_Solid Tissue_Deceased	N	N	N	N	0.6121512894300396	Other	N	Y	N	N	N	N	N	NA	NA
PT_QA9WJ679_7316-3218_Solid Tissue_Initial CNS Tumor	N	N	N	N	NA	loss	Y	Y	N	N	N	N	N	NA	NA
PT_R4T1V1K4_7316-2784_Solid Tissue_Initial CNS Tumor	N	N	N	N	0.6442080759524521	Other	N	Y	N	N	N	N	N	NA	NA
PT_5Y0CE4WK_7316-9838_Solid Tissue_Deceased	N	N	N	N	0.645171697180262	Other	N	N	Y	N	N	N	N	NA	NA
PT_D5PE7B2H_7316-45_Solid Tissue_Initial CNS Tumor	N	N	N	N	NA	Other	N	Y	N	N	N	N	N	NA	NA
PT_W5GP3F6B_A16915_Solid Tissue_Initial CNS Tumor	N	N	N	N	0.9344998661059224	loss	Y	Y	N	N	N	N	N	NA	NA
PT_4XB3YTJM_7316-388_Solid Tissue_Initial CNS Tumor	N	N	N	N	0.6202570853194267	activated	Y	Y	N	N	N	N	N	NA	NA
PT_P571HTNK_7316-8851_Solid Tissue_Initial CNS Tumor	N	N	N	N	NA	Other	N	Y	N	N	N	N	N	NA	NA
PT_Z4PJA6KT_7316-1763_Derived Cell Line_Initial CNS Tumor_Serum-based_3	N	N	N	N	0.4722809454365266	loss	Y	Y	N	N	N	N	N	NA	NA
PT_JNEV57VK_7316-2594_Solid Tissue_Initial CNS Tumor	N	N	N	N	0.7660581238811626	loss	Y	Y	N	N	N	N	N	NA	NA
PT_858H7ABM_7316-903_Solid Tissue_Recurrence	N	N	N	N	0.24621640852788404	Other	N	Y	N	N	N	N	N	NA	NA
PT_JNEV57VK_7316-3058_Solid Tissue_Progressive	N	N	N	N	0.6838016356936086	activated	Y	Y	N	N	N	N	N	NA	NA
PT_JBYZJRNM_7316-9062_Solid Tissue_Deceased	N	N	N	Y	0.6749316538408884	loss	Y	Y	N	N	N	N	N	N	DUP
PT_JBYZJRNM_7316-9062_Solid Tissue_Deceased	N	N	N	Y	0.6749316538408884	loss	Y	Y	N	N	N	N	N	N	DEL
PT_JBYZJRNM_7316-9062_Solid Tissue_Deceased	N	N	N	Y	0.6749316538408884	loss	Y	Y	N	N	N	N	N	N	INV
PT_JBYZJRNM_7316-9062_Solid Tissue_Deceased	N	N	N	Y	0.6749316538408884	loss	Y	Y	N	N	N	N	N	N	BND
PT_SNJ1YR1R_7316-9837_Solid Tissue_Deceased	N	N	N	N	NA	loss	Y	Y	N	N	N	N	N	NA	NA
PT_DJ106XYS_7316-3935_Solid Tissue_Initial CNS Tumor	N	N	N	N	0.7020567841751937	activated	Y	Y	N	N	N	N	N	NA	NA
PT_3AR6AW9N_C3986184-Tumor_Solid Tissue_Recurrence	N	N	Y	N	0.6907248099862386	loss	Y	Y	N	N	N	N	N	NA	NA
PT_H62STE27_7316-5323_Solid Tissue_Initial CNS Tumor	N	N	N	N	0.6977820696586151	Other	N	Y	N	N	N	N	N	NA	NA
PT_V482NWB8_7316-8037_Solid Tissue_Initial CNS Tumor	N	N	N	N	0.495275210807777	loss	Y	Y	N	N	N	N	N	NA	NA
PT_0MJEAART_7316-549_Solid Tissue_Deceased	Y	N	N	N	0.6423297656947813	Other	N	NA	NA	NA	NA	NA	NA	NA	NA
PT_B38P3Y5T_7316-3208_Solid Tissue_Deceased	N	N	N	N	0.6379038941687681	Other	N	Y	N	N	N	N	N	N	INV
PT_HXF3X28C_C4115088-Tumor_Solid Tissue_Initial CNS Tumor	N	N	N	N	0.4969915341024536	Other	N	N	Y	N	N	N	N	NA	NA
PT_FV2TNKY5_7316-7929_Not Available_Initial CNS Tumor	N	N	N	N	NA	loss	Y	Y	N	N	N	N	N	NA	NA
PT_XXGDDTZ4_C4118163-Tumor_Solid Tissue_Initial CNS Tumor	N	N	N	N	0.7741406857311598	activated	Y	Y	N	N	N	N	N	NA	NA
PT_PQNX91R7_C4116072-Tumor_Solid Tissue_Recurrence	N	N	N	N	0.7086443106342173	activated	Y	Y	N	N	N	N	N	NA	NA
PT_CRTJW8WQ_7316-9835_Solid Tissue_Deceased	N	N	N	N	NA	activated	Y	Y	N	N	N	N	N	NA	NA
PT_HSHPZAEZ_7316-545_Solid Tissue_Deceased	Y	N	N	N	0.5894322092728018	Other	N	NA	NA	NA	NA	NA	NA	NA	NA
PT_1795S8AX_7316-9070_Solid Tissue_Deceased	Y	N	N	N	NA	Other	N	N	N	N	N	N	N	NA	NA
PT_FQ1Q16FV_7316-5825_Solid Tissue_Initial CNS Tumor	N	N	N	N	NA	loss	Y	Y	N	N	N	N	N	NA	NA
PT_HCD9DP9H_C4123944-Tumor_Solid Tissue_Initial CNS Tumor	N	N	Y	N	0.7697015709389823	activated	Y	Y	N	N	N	N	N	NA	NA
PT_MTVXXQTG_7316-8017_Solid Tissue_Deceased	N	N	N	N	NA	Other	N	Y	N	N	N	N	N	N	INV
PT_TFCNV42Z_7316-4335_Solid Tissue_Initial CNS Tumor	N	N	N	N	NA	activated	Y	Y	N	N	N	N	N	NA	NA
PT_PR4YBBH3_7316-126_Solid Tissue_Deceased	N	N	N	N	0.7916402375374033	loss	Y	Y	N	N	N	N	N	NA	NA
PT_VWZZTK38_7316-1844_Solid Tissue_Initial CNS Tumor	N	N	N	N	0.7660589780182261	Other	N	Y	N	N	N	N	N	NA	NA
PT_H9QTD79G_7316-7533_Solid Tissue_Initial CNS Tumor	N	N	N	N	0.5880187059197797	Other	N	Y	N	N	N	N	N	NA	NA
PT_QA9WJ679_A08768_Solid Tissue_Initial CNS Tumor	N	N	N	N	0.8347744463231416	loss	Y	Y	N	N	N	N	N	NA	NA
PT_PSX2CSYX_7316-46_Solid Tissue_Initial CNS Tumor	N	N	N	N	NA	loss	Y	N	Y	N	N	N	N	NA	NA
PT_EN2RN5Y1_SF11385_Derived Cell Line_Initial CNS Tumor_NA_NA	N	N	N	N	NA	Other	N	Y	N	N	N	N	N	NA	NA
PT_NK8A49X5_7316-3228_Solid Tissue_Progressive	N	N	N	N	NA	Other	N	Y	N	N	Y	N	N	NA	NA
PT_HV10JGD2_C4107339-Tumor_Solid Tissue_Initial CNS Tumor	N	N	N	N	0.6105903355137328	activated	Y	Y	N	N	N	N	N	NA	NA
PT_6PJ126FF_7316-8812_Solid Tissue_Initial CNS Tumor	N	N	N	N	NA	Other	N	Y	N	N	N	N	N	NA	NA
PT_CWVNNBPH_7316-9834_Solid Tissue_Deceased	N	N	N	N	0.5502741695198717	activated	Y	Y	N	N	N	N	N	N	INV
PT_SNJ1YR1R_C3985815-Tumor_Solid Tissue_Initial CNS Tumor	N	N	Y	N	0.6722134139060114	loss	Y	Y	N	N	N	N	N	NA	NA
PT_RGX0DPJY_7316-6934_Solid Tissue_Initial CNS Tumor	N	N	N	N	NA	activated	Y	Y	N	N	N	N	N	NA	NA
PT_4XB3YTJM_7316-388_Derived Cell Line_Initial CNS Tumor_Serum-free_21	N	N	N	N	0.8313929903653173	activated	Y	Y	N	N	N	N	N	NA	NA
PT_SD4RJ57T_C3986430-Tumor_Solid Tissue_Initial CNS Tumor	N	N	N	N	0.11428674550158148	Other	N	Y	N	N	N	N	N	NA	NA
PT_C9YDTZPA_7316-5000_Solid Tissue_Initial CNS Tumor	N	N	N	N	NA	Other	N	Y	N	N	N	N	N	NA	NA
PT_2QZJ4T95_7316-715_Solid Tissue_Initial CNS Tumor	Y	N	N	N	0.8562736734182002	Other	N	NA	NA	NA	NA	NA	NA	NA	NA
PT_K1YK24PP_7316-4347_Solid Tissue_Initial CNS Tumor	Y	N	N	N	0.7074830727507317	Other	N	NA	NA	NA	NA	NA	NA	NA	NA
PT_HV1DFFQ1_7316-9139_Solid Tissue_Initial CNS Tumor	N	N	N	N	0.9159683405716642	loss	Y	Y	N	N	N	N	N	NA	NA
PT_Y5KY6KN9_7316-195_Derived Cell Line_Initial CNS Tumor_Serum-free_14	N	N	N	N	0.7598888431782546	loss	Y	Y	N	N	N	N	N	N	DUP
PT_Y5KY6KN9_7316-195_Derived Cell Line_Initial CNS Tumor_Serum-free_14	N	N	N	N	0.7598888431782546	loss	Y	Y	N	N	N	N	N	N	DEL
PT_Y5KY6KN9_7316-195_Derived Cell Line_Initial CNS Tumor_Serum-free_14	N	N	N	N	0.7598888431782546	loss	Y	Y	N	N	N	N	N	N	INV
PT_2JDDX6TJ_7316-409_Solid Tissue_Initial CNS Tumor	N	N	N	N	0.6334707952253966	activated	Y	Y	N	N	N	N	N	NA	NA
PT_97DBD8YS_C4118040-Tumor_Solid Tissue_Initial CNS Tumor	N	N	N	N	0.5703899773834362	Other	N	Y	N	N	N	N	N	NA	NA
PT_ZFKQKGME_7316-8052_Solid Tissue_Deceased	N	N	N	N	NA	activated	Y	Y	N	N	N	N	N	N	INV
PT_HY664Q1B_7316-7542_Not Available_Initial CNS Tumor	N	N	N	N	NA	Other	N	Y	N	N	N	N	N	NA	NA
PT_X5TQR8V2_7316-343_Solid Tissue_Initial CNS Tumor	N	N	N	N	0.7268183127179283	loss	Y	Y	N	N	N	N	N	NA	NA
PT_FN57KS79_C3985077-Tumor_Solid Tissue_Initial CNS Tumor	N	N	N	N	0.6564146715520133	loss	Y	N	Y	N	N	N	N	NA	NA
PT_3VQ5CZ5A_7316-8024_Solid Tissue_Deceased	N	N	N	N	NA	Other	N	Y	N	N	N	N	N	NA	NA
PT_JNEV57VK_7316-3058_Derived Cell Line_Progressive_Serum-based_0	N	N	N	N	0.6340901078362936	Other	N	Y	N	N	N	N	N	NA	NA
PT_FMS4AXKD_7316-9049_Solid Tissue_Initial CNS Tumor	Y	N	Y	N	0.6796423334599359	Other	N	N	N	Y	Y	N	N	NA	NA
PT_5BFEWBGY_7316-6079_Solid Tissue_Initial CNS Tumor	N	N	N	N	0.7542268954786384	activated	Y	N	Y	N	N	N	N	NA	NA
PT_40N7BXSQ_7316-599_Derived Cell Line_Initial CNS Tumor_Serum-based_8	N	N	N	N	0.04727375868572974	Other	N	Y	N	N	N	N	N	NA	NA
PT_C9YDTZPA_CNMC-967_Derived Cell Line_Initial CNS Tumor_Serum-based_27	N	N	N	N	NA	Other	N	Y	N	N	N	N	N	N	BND
PT_MNSEJCDM_7316-3227_Solid Tissue_Initial CNS Tumor	N	N	N	Y	NA	activated	Y	N	Y	N	N	N	N	N	DUP
PT_MNSEJCDM_7316-3227_Solid Tissue_Initial CNS Tumor	N	N	N	Y	NA	activated	Y	N	Y	N	N	N	N	N	DEL
PT_MNSEJCDM_7316-3227_Solid Tissue_Initial CNS Tumor	N	N	N	Y	NA	activated	Y	N	Y	N	N	N	N	N	INV
PT_MNSEJCDM_7316-3227_Solid Tissue_Initial CNS Tumor	N	N	N	Y	NA	activated	Y	N	Y	N	N	N	N	N	BND
PT_E8M5V9V0_7316-9511_Solid Tissue_Deceased	N	N	N	N	NA	Other	N	Y	N	N	N	N	N	NA	NA
PT_M23Q0DC3_7316-3212_Solid Tissue_Initial CNS Tumor	N	N	N	N	NA	Other	N	Y	N	N	N	N	N	NA	NA
PT_CSKHQB16_A14567_Solid Tissue_Initial CNS Tumor	N	N	N	N	0.9288378155118606	loss	Y	N	Y	N	N	N	N	NA	NA
PT_Z2KHR3GQ_7316-8377_Solid Tissue_Initial CNS Tumor	N	N	N	N	0.5111131991944152	Other	N	Y	N	N	N	N	N	NA	NA
PT_VKRWCBA2_7316-6982_Solid Tissue_Initial CNS Tumor	N	N	N	N	0.7811725765432782	activated	Y	Y	N	N	N	N	N	N	DUP
PT_VKRWCBA2_7316-6982_Solid Tissue_Initial CNS Tumor	N	N	N	N	0.7811725765432782	activated	Y	Y	N	N	N	N	N	N	INV
PT_Q37KKTVP_7316-6985_Solid Tissue_Initial CNS Tumor	N	N	N	N	0.6638141123355215	Other	N	N	Y	N	N	N	N	NA	NA
PT_JDS5171S_C4111152-Tumor_Solid Tissue_Recurrence	N	N	Y	N	0.6944865778820283	Other	N	Y	N	N	N	N	N	NA	NA
PT_1AAYYGGY_7316-4996_Solid Tissue_Initial CNS Tumor	N	N	N	N	NA	activated	Y	Y	N	N	N	N	N	N	INV
PT_ERTJRQ37_7316-9854_Solid Tissue_Initial CNS Tumor	N	Y	N	Y	0.8699545987548001	activated	Y	Y	N	N	Y	N	N	NA	NA
PT_DZ0X4KM1_7316-3047_Solid Tissue_Initial CNS Tumor	N	N	N	N	NA	Other	N	Y	N	N	N	N	N	N	DUP
PT_KZ56XHJT_7316-3234_Derived Cell Line_Progressive_Serum-free_27	N	N	N	N	0.3393951410511199	Other	N	Y	N	N	N	N	N	NA	NA
PT_9KK0BAGK_7316-3161_Solid Tissue_Initial CNS Tumor	N	N	N	N	0.7342117377768227	loss	Y	Y	N	N	N	N	N	N	DUP
PT_XKVFVBY4_7316-550_Solid Tissue_Deceased	Y	N	N	N	0.7379837376060806	Other	N	NA	NA	NA	NA	NA	NA	NA	NA
PT_P571HTNK_7316-9433_Solid Tissue_Progressive	N	N	N	N	NA	Other	N	Y	N	N	N	N	N	NA	NA
PT_Z4PJA6KT_7316-1763_Derived Cell Line_Initial CNS Tumor_Serum-free_9	N	N	N	N	0.7479940411762939	loss	Y	Y	N	N	N	N	N	N	DUP
PT_Z4PJA6KT_7316-1763_Derived Cell Line_Initial CNS Tumor_Serum-free_9	N	N	N	N	0.7479940411762939	loss	Y	Y	N	N	N	N	N	N	DEL
PT_Z4PJA6KT_7316-1763_Derived Cell Line_Initial CNS Tumor_Serum-free_9	N	N	N	N	0.7479940411762939	loss	Y	Y	N	N	N	N	N	N	INV
PT_C71G98K3_7316-8658_Solid Tissue_Initial CNS Tumor	N	N	N	N	0.5310067544562194	loss	Y	Y	N	N	N	N	N	NA	NA
PT_PPPQFTDV_C4110906-Tumor_Solid Tissue_Initial CNS Tumor	N	N	N	N	0.7815730531470568	loss	Y	N	Y	N	N	N	N	NA	NA
PT_PE0SAKT4_C4116195-Tumor_Solid Tissue_Initial CNS Tumor	N	N	N	N	0.8006893604875955	activated	Y	Y	N	N	N	N	N	NA	NA
PT_DKMVGV69_7316-9845_Solid Tissue_Deceased	N	N	N	N	0.6520144414703878	Other	N	N	Y	N	N	N	N	NA	NA
PT_9Z1FS69W_7316-3155_Solid Tissue_Initial CNS Tumor	N	N	N	N	0.8148566634422819	activated	Y	Y	N	N	N	N	N	NA	NA
PT_DS0HZCSD_7316-9843_Solid Tissue_Deceased	N	N	N	N	NA	loss	Y	Y	N	N	N	N	N	NA	NA
PT_5NS35B66_7316-4491_Solid Tissue_Deceased	N	N	N	N	NA	loss	Y	Y	N	N	N	N	N	NA	NA
PT_KZ56XHJT_A08732_Solid Tissue_Initial CNS Tumor	N	N	N	N	0.7066538266429058	loss	Y	Y	N	N	N	N	N	NA	NA
PT_P9G8GKD5_7316-5299_Solid Tissue_Initial CNS Tumor	N	N	N	N	NA	activated	Y	Y	N	N	N	N	N	NA	NA
PT_63F63QY0_7316-3521_Solid Tissue_Progressive	N	N	N	N	0.40176439995274627	Other	N	Y	N	N	N	N	N	NA	NA
PT_HGM20MW7_7316-3221_Solid Tissue_Initial CNS Tumor	N	N	N	N	NA	loss	Y	Y	N	N	N	N	N	NA	NA
PT_Y660CKCB_7316-3122_Solid Tissue_Initial CNS Tumor	N	N	N	N	0.808002683556201	loss	Y	Y	N	N	N	N	N	NA	NA
PT_E8M5V9V0_7316-6064_Solid Tissue_Initial CNS Tumor	N	N	N	N	NA	Other	N	Y	N	N	N	N	N	NA	NA
PT_RGX0DPJY_7316-7664_Solid Tissue_Deceased	N	N	N	N	NA	activated	Y	Y	N	N	N	N	N	N	INV
PT_EN2RN5Y1_7316-5005_Solid Tissue_Initial CNS Tumor	N	N	N	N	NA	Other	N	Y	N	N	N	N	N	NA	NA
PT_M0A3C69H_C4111890-Tumor_Solid Tissue_Initial CNS Tumor	N	N	N	N	0.6921597228980441	loss	Y	Y	N	N	N	N	N	NA	NA
PT_E24DN34J_7316-8428_Solid Tissue_Initial CNS Tumor	N	N	N	N	NA	Other	N	Y	N	N	N	N	N	NA	NA
PT_G8ZTC724_7316-6813_Solid Tissue_Initial CNS Tumor	N	N	N	N	0.15401788855143808	Other	N	Y	N	N	N	N	N	NA	NA
PT_FA2F3HQG_7316-3858_Solid Tissue_Initial CNS Tumor	N	N	N	N	0.27193701325065006	Other	N	Y	N	N	N	N	N	NA	NA
PT_M23Q0DC3_A03942_Solid Tissue_Initial CNS Tumor	N	N	N	N	0.6560112692492746	Other	N	Y	N	N	N	N	N	NA	NA
PT_R0R6VWX9_7316-9343_Solid Tissue_Initial CNS Tumor	N	N	N	N	0.6477239393911629	loss	Y	Y	N	N	N	N	N	NA	NA
PT_Z4PJA6KT_7316-1763_Derived Cell Line_Initial CNS Tumor_Serum-free_8	N	N	N	N	0.7389402918171846	loss	Y	Y	N	N	N	N	N	N	DEL
PT_Z4PJA6KT_7316-1763_Derived Cell Line_Initial CNS Tumor_Serum-free_8	N	N	N	N	0.7389402918171846	loss	Y	Y	N	N	N	N	N	N	DUP
PT_Z4PJA6KT_7316-1763_Derived Cell Line_Initial CNS Tumor_Serum-free_8	N	N	N	N	0.7389402918171846	loss	Y	Y	N	N	N	N	N	N	INV
PT_JSFBMK5V_7316-392_Solid Tissue_Initial CNS Tumor	N	N	N	N	0.4020671228300265	Other	N	Y	N	N	N	N	N	NA	NA
PT_KZ56XHJT_7316-3217_Solid Tissue_Initial CNS Tumor	N	N	N	N	NA	Other	N	Y	N	N	N	N	N	N	INV
PT_DMAF1J4A_A18552_Solid Tissue_Initial CNS Tumor	N	N	N	Y	0.8559472130493342	loss	Y	Y	N	N	N	N	N	NA	NA
PT_ZSHEMD0K_7316-6773_Solid Tissue_Initial CNS Tumor	N	N	N	N	0.6381997294892119	Other	N	Y	N	N	N	N	N	NA	NA
PT_EW44V0NM_7316-8045_Solid Tissue_Deceased	N	N	N	N	NA	Other	N	N	Y	N	N	N	N	N	INV
PT_C5EZXTB6_7316-6476_Solid Tissue_Deceased	N	N	N	N	NA	Other	N	Y	N	N	N	N	N	NA	NA
PT_JK7BAVGR_C4116564-Tumor_Solid Tissue_Initial CNS Tumor	N	Y	N	N	0.8517929964828848	loss	Y	N	Y	N	Y	N	N	NA	NA
PT_MNSEJCDM_7316-3229_Solid Tissue_Progressive Disease Post-Mortem	N	N	N	N	NA	activated	Y	N	Y	N	N	N	N	NA	NA
PT_DMAF1J4A_7316-5006_Solid Tissue_Initial CNS Tumor	N	N	N	N	NA	loss	Y	Y	N	N	N	N	N	N	DEL
PT_DMAF1J4A_7316-5006_Solid Tissue_Initial CNS Tumor	N	N	N	N	NA	loss	Y	Y	N	N	N	N	N	N	DUP
PT_DMAF1J4A_7316-5006_Solid Tissue_Initial CNS Tumor	N	N	N	N	NA	loss	Y	Y	N	N	N	N	N	N	INV
PT_G16VK7FR_7316-5814_Solid Tissue_Initial CNS Tumor	N	N	N	N	NA	loss	Y	N	Y	N	N	N	N	N	INV
PT_G16VK7FR_CNMC-1277_Derived Cell Line_Initial CNS Tumor_Serum-based_27	N	N	N	N	NA	loss	Y	N	Y	N	N	N	N	N	DEL
PT_G16VK7FR_CNMC-1277_Derived Cell Line_Initial CNS Tumor_Serum-based_27	N	N	N	N	NA	loss	Y	N	Y	N	N	N	N	N	INV
PT_Y5KY6KN9_7316-195_Derived Cell Line_Initial CNS Tumor_Serum-free_8	N	N	N	N	0.750063356323604	loss	Y	Y	N	N	N	N	N	N	DUP
PT_Y5KY6KN9_7316-195_Derived Cell Line_Initial CNS Tumor_Serum-free_8	N	N	N	N	0.750063356323604	loss	Y	Y	N	N	N	N	N	N	DEL
PT_Y5KY6KN9_7316-195_Derived Cell Line_Initial CNS Tumor_Serum-free_8	N	N	N	N	0.750063356323604	loss	Y	Y	N	N	N	N	N	N	INV
PT_EZX4WCAD_C4124067-Tumor_Solid Tissue_Initial CNS Tumor	N	N	Y	N	0.4194532221254445	Other	N	Y	N	N	N	N	N	NA	NA
PT_V92V7WHQ_C4113612-Tumor_Solid Tissue_Initial CNS Tumor	N	N	N	N	0.7480859895989204	loss	Y	Y	N	N	N	N	N	NA	NA
PT_K7FZ6YHZ_7316-7616_Solid Tissue_Deceased	N	N	N	N	NA	loss	Y	Y	N	N	N	N	N	N	INV
PT_A06JR0E5_CNMC-1034_Derived Cell Line_Initial CNS Tumor_Serum-based_27	N	N	N	N	NA	loss	Y	Y	N	N	N	N	N	N	DEL
PT_A06JR0E5_CNMC-1034_Derived Cell Line_Initial CNS Tumor_Serum-based_27	N	N	N	N	NA	loss	Y	Y	N	N	N	N	N	N	INV
PT_CSKHQB16_7316-4995_Solid Tissue_Initial CNS Tumor	N	N	N	N	NA	loss	Y	N	Y	N	N	N	N	NA	NA
PT_BQAR0KHK_7316-7585_Solid Tissue_Deceased	N	N	N	N	NA	loss	Y	Y	N	N	N	N	N	NA	NA
PT_Q5S82AA3_7316-4558_Solid Tissue_Initial CNS Tumor	N	N	N	N	NA	activated	Y	Y	N	N	N	N	N	NA	NA
PT_1YCS5K9Q_C4115703-Tumor_Solid Tissue_Initial CNS Tumor	N	N	N	N	0.5023001988236877	activated	Y	Y	N	N	N	N	N	NA	NA
PT_JNEV57VK_7316-3058_Derived Cell Line_Progressive_Serum-based_7	N	N	N	N	0.1758488125936562	Other	N	Y	N	N	N	N	N	NA	NA
PT_5NS35B66_7316-3011_Solid Tissue_Initial CNS Tumor	N	N	N	N	NA	activated	Y	Y	N	N	N	N	N	NA	NA
PT_6FYZ0GSV_7316-9434_Solid Tissue_Progressive	N	N	N	N	NA	activated	Y	Y	N	N	N	N	N	NA	NA
PT_ZVYRFGEN_7316-1068_Solid Tissue_Deceased	Y	N	N	N	0.7789994949553128	Other	N	NA	NA	NA	NA	NA	NA	NA	NA
PT_WGVEF96B_A08958_Solid Tissue_Initial CNS Tumor	N	N	N	N	0.8595122528862434	activated	Y	Y	N	N	N	N	N	NA	NA
PT_V1HNAC2Q_7316-3215_Solid Tissue_Initial CNS Tumor	N	N	N	N	NA	loss	Y	Y	N	N	N	N	N	NA	NA
PT_4ZRCW5H5_7316-7748_Solid Tissue_Progressive	Y	N	N	N	NA	Other	N	NA	NA	NA	NA	NA	NA	NA	NA
PT_W6H1Q54P_7316-8122_Solid Tissue_Initial CNS Tumor	N	N	N	N	NA	Other	N	N	Y	N	N	N	N	NA	NA
PT_W6H1Q54P_7316-8122_Not Available_Initial CNS Tumor	N	N	N	N	NA	Other	N	N	Y	N	N	N	N	NA	NA
PT_RA6AGBA7_7316-461_Solid Tissue_Progressive	N	N	N	N	0.7871624196672424	activated	Y	Y	N	N	N	N	N	N	INV
PT_Y5KY6KN9_7316-195_Derived Cell Line_Initial CNS Tumor_Serum-based_4	N	N	N	N	0.8219267740202366	loss	Y	Y	N	N	N	N	N	N	DUP
PT_Y5KY6KN9_7316-195_Derived Cell Line_Initial CNS Tumor_Serum-based_4	N	N	N	N	0.8219267740202366	loss	Y	Y	N	N	N	N	N	N	DEL
PT_Y5KY6KN9_7316-195_Derived Cell Line_Initial CNS Tumor_Serum-based_4	N	N	N	N	0.8219267740202366	loss	Y	Y	N	N	N	N	N	N	INV
PT_B38P3Y5T_7316-2781_Solid Tissue_Initial CNS Tumor	N	N	N	N	NA	Other	N	Y	N	N	N	N	N	NA	NA
PT_59D00MBQ_7316-1936_Solid Tissue_Initial CNS Tumor	N	N	N	N	0.8094632537461389	loss	Y	Y	N	N	N	N	N	NA	NA
PT_E9J8FNW5_C4116318-Tumor_Solid Tissue_Recurrence	Y	N	N	N	0.4872088874576456	Other	N	N	N	N	Y	N	N	NA	NA
PT_VPEMAQBN_7316-3225_Solid Tissue_Initial CNS Tumor	N	N	N	N	NA	activated	Y	N	Y	N	N	N	N	NA	NA
PT_KAQMYFYB_7316-5001_Solid Tissue_Initial CNS Tumor	N	N	N	N	NA	loss	Y	Y	N	N	N	N	N	NA	NA
PT_FS1GKF9Y_C4115949-Tumor_Solid Tissue_Recurrence	N	N	N	N	NA	loss	Y	N	N	N	N	N	N	NA	NA
PT_CRTJW8WQ_C3985569-Tumor_Solid Tissue_Initial CNS Tumor	N	N	N	N	0.6001438938090895	activated	Y	Y	N	N	N	N	N	NA	NA
PT_NKETJQ7Q_7316-9623_Solid Tissue_Deceased	N	N	N	N	NA	activated	Y	Y	N	N	N	N	N	NA	NA
PT_S8FRH9FA_7316-9971_Solid Tissue_Initial CNS Tumor	N	N	N	N	NA	Other	N	N	Y	N	N	N	N	NA	NA
PT_0NHK26KP_C4116441-Tumor_Solid Tissue_Initial CNS Tumor	N	N	N	N	0.7458380113984033	loss	Y	Y	N	N	N	N	N	NA	NA
PT_RYMG3M91_7316-5812_Solid Tissue_Initial CNS Tumor	N	N	N	N	NA	loss	Y	Y	N	N	N	N	N	N	DEL
PT_RYMG3M91_7316-5812_Solid Tissue_Initial CNS Tumor	N	N	N	N	NA	loss	Y	Y	N	N	N	N	N	N	DUP
PT_RYMG3M91_7316-5812_Solid Tissue_Initial CNS Tumor	N	N	N	N	NA	loss	Y	Y	N	N	N	N	N	N	INV
PT_FA2F3HQG_7316-6065_Solid Tissue_Deceased	N	N	N	N	NA	Other	N	Y	N	N	N	N	N	NA	NA
PT_9WSN93D0_C4119393-Tumor_Solid Tissue_Recurrence	N	Y	N	N	0.5812580147325936	Other	N	N	Y	N	Y	Y	N	NA	NA
PT_WGVEF96B_7316-3219_Solid Tissue_Initial CNS Tumor	N	N	N	N	NA	activated	Y	Y	N	N	N	N	N	NA	NA
PT_DR94DMTG_7316-9830_Solid Tissue_Deceased	N	N	N	N	NA	Other	N	Y	N	N	N	N	N	NA	NA
PT_1YQH5NSH_7316-5815_Solid Tissue_Initial CNS Tumor	N	N	N	N	NA	Other	N	Y	N	N	N	N	N	N	BND
PT_VPEMAQBN_7316-3235_Derived Cell Line_Initial CNS Tumor_Serum-free_27	N	N	N	N	NA	activated	Y	N	Y	N	N	N	N	NA	NA
PT_E5CM6C84_7316-6274_Solid Tissue_Initial CNS Tumor	N	N	N	N	NA	Other	N	N	Y	N	N	N	N	NA	NA
PT_X1009J1H_7316-8049_Solid Tissue_Deceased	N	N	N	N	NA	Other	N	Y	N	N	N	N	N	N	INV
PT_A06JR0E5_A17096_Solid Tissue_Initial CNS Tumor	N	N	N	N	0.9221667166341933	loss	Y	Y	N	N	N	N	N	NA	NA
PT_7P6J57H3_A12911_Solid Tissue_Initial CNS Tumor	N	N	N	N	0.6803515534037552	loss	Y	Y	N	N	N	N	N	NA	NA
PT_77J37DEW_7316-9064_Solid Tissue_Deceased	N	N	N	N	NA	Other	N	Y	N	N	N	N	N	N	INV
PT_4W8H3VB0_C4116687-Tumor_Solid Tissue_Initial CNS Tumor	N	N	N	N	0.6347286678222238	activated	Y	Y	N	N	N	N	N	NA	NA
PT_V1HNAC2Q_7316-3240_Derived Cell Line_Initial CNS Tumor_Serum-free_0	N	N	N	N	NA	loss	Y	Y	N	N	N	N	N	N	INV
PT_J03YQ4V3_7316-8021_Solid Tissue_Deceased	N	N	N	N	NA	loss	Y	Y	N	N	N	N	N	NA	NA
PT_814K3T0D_7316-4999_Solid Tissue_Initial CNS Tumor	N	N	N	N	NA	loss	Y	Y	N	N	N	N	N	NA	NA
PT_X5AEX1N4_7316-7269_Solid Tissue_Deceased	N	N	N	N	NA	loss	Y	Y	N	N	N	N	N	N	INV
